t,mode,enabled,p0,p1,p2,p3,p4,p5,f_meas0,f_meas1,f_meas2,f_meas3,f_meas4,f_meas5,wrench0,wrench1,wrench2,wrench3,wrench4,wrench5
9672.1813,1,0,0.107015,-0.657568,-0.074532,2.932999,-1.094967,0.037630,9.6847,-5.1252,-5.7440,-0.2538,0.3870,-0.2960,0.0000,0.0000,0.0000,0.0000,0.0000,0.0000
9672.2409,1,0,0.107010,-0.657574,-0.074523,2.932954,-1.095033,0.037645,9.8510,-5.3917,-6.5379,-0.3648,0.3097,-0.2219,0.0000,0.0000,0.0000,0.0000,0.0000,0.0000
9672.3009,1,0,0.107013,-0.657576,-0.074523,2.932945,-1.095037,0.037642,9.8684,-5.7979,-6.4038,-0.3188,0.3577,-0.2518,0.0000,0.0000,0.0000,0.0000,0.0000,0.0000
9672.3609,1,0,0.107020,-0.657578,-0.074525,2.932955,-1.095005,0.037636,9.7406,-5.8780,-6.1839,-0.2890,0.3501,-0.2212,0.0000,0.0000,0.0000,0.0000,0.0000,0.0000
9672.4110,1,0,0.107018,-0.657577,-0.074526,2.932962,-1.095021,0.037635,9.7798,-5.2607,-6.0882,-0.3024,0.3914,-0.2820,0.0000,0.0000,0.0000,0.0000,0.0000,0.0000
9672.4709,1,0,0.107022,-0.657579,-0.074524,2.932953,-1.095013,0.037637,9.9269,-6.1438,-6.6866,-0.2903,0.4549,-0.2530,0.0000,0.0000,0.0000,0.0000,0.0000,0.0000
9672.5310,1,0,0.107017,-0.657572,-0.074532,2.932967,-1.095012,0.037607,9.6096,-5.8333,-6.1578,-0.2026,0.3966,-0.2952,0.0000,0.0000,0.0000,0.0000,0.0000,0.0000
9672.5909,1,0,0.107012,-0.657576,-0.074528,2.932950,-1.095027,0.037632,9.7384,-5.8940,-6.0768,-0.2055,0.3304,-0.2492,0.0000,0.0000,0.0000,0.0000,0.0000,0.0000
9672.6510,1,0,0.107013,-0.657579,-0.074522,2.932944,-1.095008,0.037631,10.1294,-5.6116,-5.8160,-0.1281,0.2717,-0.3812,0.0000,0.0000,0.0000,0.0000,0.0000,0.0000
9672.7109,1,0,0.107021,-0.657573,-0.074520,2.932957,-1.094994,0.037633,9.5462,-5.4329,-6.0132,-0.2223,0.3523,-0.2649,0.0000,0.0000,0.0000,0.0000,0.0000,0.0000
9672.7609,1,0,0.107019,-0.657578,-0.074522,2.932959,-1.094999,0.037653,9.5698,-5.8315,-6.6458,-0.3796,0.2990,-0.2070,0.0000,0.0000,0.0000,0.0000,0.0000,0.0000
9672.8208,1,0,0.107025,-0.657578,-0.074516,2.932948,-1.094989,0.037664,9.5811,-5.9138,-6.7679,-0.3290,0.3296,-0.2365,0.0000,0.0000,0.0000,0.0000,0.0000,0.0000
9672.8709,1,0,0.107025,-0.657575,-0.074527,2.932965,-1.095002,0.037642,9.8224,-5.6311,-5.9761,-0.2281,0.3944,-0.1461,0.0000,0.0000,0.0000,0.0000,0.0000,0.0000
9672.9209,1,0,0.107019,-0.657577,-0.074520,2.932955,-1.094998,0.037635,9.9548,-5.8881,-6.8813,-0.3409,0.2776,-0.2059,0.0000,0.0000,0.0000,0.0000,0.0000,0.0000
9672.9710,1,0,0.107019,-0.657577,-0.074525,2.932962,-1.095006,0.037643,9.6932,-5.7297,-6.3128,-0.2708,0.3414,-0.2057,0.0000,0.0000,0.0000,0.0000,0.0000,0.0000
9673.0309,1,0,0.107019,-0.657578,-0.074523,2.932955,-1.094996,0.037631,9.6359,-5.3906,-6.1191,-0.2890,0.3263,-0.2357,0.0000,0.0000,0.0000,0.0000,0.0000,0.0000
9673.0908,1,0,0.107021,-0.657584,-0.074507,2.932932,-1.094985,0.037689,9.7282,-5.9522,-6.4142,-0.2393,0.3471,-0.2053,0.0000,0.0000,0.0000,0.0000,0.0000,0.0000
9673.1507,1,0,0.107014,-0.657580,-0.074525,2.932940,-1.095019,0.037650,10.1782,-6.5598,-6.3891,-0.1549,0.4205,-0.2499,0.0000,0.0000,0.0000,0.0000,0.0000,0.0000
9673.2107,1,0,0.107022,-0.657579,-0.074522,2.932950,-1.095018,0.037656,10.0350,-5.3718,-5.7437,-0.1763,0.4325,-0.2206,0.0000,0.0000,0.0000,0.0000,0.0000,0.0000
9673.2707,1,0,0.107021,-0.657580,-0.074517,2.932948,-1.094996,0.037656,9.5358,-5.4486,-6.2897,-0.3374,0.4232,-0.1637,0.0000,0.0000,0.0000,0.0000,0.0000,0.0000
9673.3207,1,0,0.107016,-0.657570,-0.074533,2.932979,-1.095001,0.037620,9.6050,-5.9172,-6.1883,-0.2377,0.3818,-0.2208,0.0000,0.0000,0.0000,0.0000,0.0000,0.0000
9673.3707,1,0,0.107018,-0.657574,-0.074530,2.932965,-1.095004,0.037638,9.5935,-5.2496,-6.2416,-0.3446,0.2616,-0.1608,0.0000,0.0000,0.0000,0.0000,0.0000,0.0000
9673.4208,1,0,0.107020,-0.657579,-0.074525,2.932957,-1.095002,0.037644,9.6408,-5.4005,-6.2051,-0.2962,0.3722,-0.2068,0.0000,0.0000,0.0000,0.0000,0.0000,0.0000
9673.4708,1,0,0.107013,-0.657574,-0.074524,2.932952,-1.095014,0.037625,9.7880,-5.7293,-6.2881,-0.2594,0.3730,-0.2061,0.0000,0.0000,0.0000,0.0000,0.0000,0.0000
9673.5307,1,0,0.107009,-0.657573,-0.074526,2.932958,-1.095028,0.037634,9.9261,-5.5657,-6.1913,-0.2879,0.3080,-0.1905,0.0000,0.0000,0.0000,0.0000,0.0000,0.0000
9673.5908,1,0,0.107024,-0.657574,-0.074527,2.932964,-1.095006,0.037644,9.6765,-6.3896,-6.5590,-0.1668,0.3303,-0.2485,0.0000,0.0000,0.0000,0.0000,0.0000,0.0000
9673.6408,1,0,0.107022,-0.657573,-0.074525,2.932962,-1.095006,0.037646,9.5261,-6.0432,-6.1101,-0.1664,0.2807,-0.2176,0.0000,0.0000,0.0000,0.0000,0.0000,0.0000
9673.6911,1,0,0.107015,-0.657574,-0.074527,2.932961,-1.095005,0.037630,9.6122,-6.1412,-6.3916,-0.2124,0.1913,-0.2019,0.0000,0.0000,0.0000,0.0000,0.0000,0.0000
9673.7509,1,0,0.107012,-0.657573,-0.074534,2.932972,-1.095014,0.037615,9.6776,-6.0949,-6.0302,-0.1855,0.2593,-0.1877,0.0000,0.0000,0.0000,0.0000,0.0000,0.0000
9673.8009,1,0,0.107016,-0.657575,-0.074527,2.932955,-1.095020,0.037630,9.2834,-5.5447,-5.8999,-0.2503,0.2913,-0.2044,0.0000,0.0000,0.0000,0.0000,0.0000,0.0000
9673.8509,1,0,0.107021,-0.657578,-0.074521,2.932951,-1.095007,0.037637,10.1226,-5.5108,-6.0871,-0.2382,0.3805,-0.3255,0.0000,0.0000,0.0000,0.0000,0.0000,0.0000
9673.9109,1,0,0.107021,-0.657568,-0.074531,2.932977,-1.095010,0.037636,10.0793,-5.3467,-6.3226,-0.3854,0.4416,-0.3144,0.0000,0.0000,0.0000,0.0000,0.0000,0.0000
9673.9709,1,0,0.107016,-0.657571,-0.074529,2.932968,-1.095001,0.037611,9.9910,-6.8514,-6.6840,-0.1134,0.3848,-0.1886,0.0000,0.0000,0.0000,0.0000,0.0000,0.0000
9674.0209,1,0,0.107015,-0.657572,-0.074525,2.932963,-1.094997,0.037626,9.6642,-5.5411,-6.8497,-0.4331,0.3032,-0.2380,0.0000,0.0000,0.0000,0.0000,0.0000,0.0000
9674.0809,1,0,0.107014,-0.657576,-0.074523,2.932957,-1.095016,0.037650,9.8362,-6.6278,-6.5206,-0.1915,0.3320,-0.2041,0.0000,0.0000,0.0000,0.0000,0.0000,0.0000
9674.1409,1,0,0.107019,-0.657583,-0.074521,2.932959,-1.095005,0.037654,9.8346,-5.8551,-6.4629,-0.2451,0.3322,-0.1303,0.0000,0.0000,0.0000,0.0000,0.0000,0.0000
9674.2009,1,0,0.107021,-0.657573,-0.074526,2.932971,-1.095004,0.037642,9.5193,-5.3800,-6.2531,-0.3550,0.3212,-0.2219,0.0000,0.0000,0.0000,0.0000,0.0000,0.0000
9674.2510,1,0,0.107018,-0.657575,-0.074521,2.932950,-1.095004,0.037634,9.4641,-6.0712,-6.5800,-0.2537,0.2574,-0.1740,0.0000,0.0000,0.0000,0.0000,0.0000,0.0000
9674.3109,1,0,0.107020,-0.657576,-0.074524,2.932962,-1.094993,0.037622,9.8346,-5.4595,-6.2979,-0.2686,0.3538,-0.2657,0.0000,0.0000,0.0000,0.0000,0.0000,0.0000
9674.3609,1,0,0.107022,-0.657582,-0.074515,2.932951,-1.094986,0.037654,9.6912,-5.5649,-6.1577,-0.3141,0.3177,-0.1912,0.0000,0.0000,0.0000,0.0000,0.0000,0.0000
9674.4109,1,0,0.107020,-0.657578,-0.074520,2.932955,-1.095003,0.037654,10.2011,-6.3057,-6.6780,-0.1444,0.3563,-0.3233,0.0000,0.0000,0.0000,0.0000,0.0000,0.0000
9674.4709,1,0,0.107015,-0.657574,-0.074523,2.932960,-1.095028,0.037623,9.5570,-5.7955,-6.2016,-0.2279,0.2570,-0.2333,0.0000,0.0000,0.0000,0.0000,0.0000,0.0000
9674.5309,1,0,0.107018,-0.657575,-0.074521,2.932956,-1.095024,0.037652,10.1216,-5.6443,-6.1734,-0.2378,0.2652,-0.2486,0.0000,0.0000,0.0000,0.0000,0.0000,0.0000
9674.5909,1,0,0.107019,-0.657575,-0.074526,2.932955,-1.095028,0.037633,9.8157,-5.5353,-5.7684,-0.1554,0.1668,-0.2452,0.0000,0.0000,0.0000,0.0000,0.0000,0.0000
9674.6409,1,0,0.107021,-0.657579,-0.074524,2.932951,-1.095014,0.037657,9.7816,-5.5421,-6.4375,-0.3475,0.3327,-0.2220,0.0000,0.0000,0.0000,0.0000,0.0000,0.0000
9674.6910,1,0,0.107016,-0.657580,-0.074527,2.932953,-1.095015,0.037635,9.3435,-6.0669,-6.1389,-0.1819,0.3472,-0.2191,0.0000,0.0000,0.0000,0.0000,0.0000,0.0000
9674.7509,1,0,0.107014,-0.657575,-0.074526,2.932958,-1.095014,0.037639,9.8422,-6.0678,-6.4835,-0.2952,0.4461,-0.2679,0.0000,0.0000,0.0000,0.0000,0.0000,0.0000
9674.8009,1,0,0.107016,-0.657578,-0.074522,2.932947,-1.095012,0.037634,9.5123,-5.7569,-6.3388,-0.2656,0.3532,-0.1461,0.0000,0.0000,0.0000,0.0000,0.0000,0.0000
9674.8510,1,0,0.107015,-0.657573,-0.074531,2.932969,-1.095002,0.037612,9.9436,-5.7409,-6.2382,-0.2723,0.3505,-0.4003,0.0000,0.0000,0.0000,0.0000,0.0000,0.0000
9674.9109,1,0,0.107013,-0.657578,-0.074529,2.932947,-1.095013,0.037618,9.5155,-6.3053,-6.3821,-0.1074,0.2552,-0.2759,0.0000,0.0000,0.0000,0.0000,0.0000,0.0000
9674.9609,1,0,0.107010,-0.657575,-0.074531,2.932953,-1.095010,0.037603,10.0423,-5.7166,-5.8512,-0.1925,0.4278,-0.2507,0.0000,0.0000,0.0000,0.0000,0.0000,0.0000
9675.0209,1,0,0.107013,-0.657573,-0.074533,2.932963,-1.095017,0.037631,9.6324,-5.2215,-5.9678,-0.3146,0.3399,-0.2514,0.0000,0.0000,0.0000,0.0000,0.0000,0.0000
9675.0709,1,0,0.107014,-0.657576,-0.074524,2.932953,-1.095022,0.037620,9.7395,-6.6431,-6.6289,-0.1312,0.2135,-0.2008,0.0000,0.0000,0.0000,0.0000,0.0000,0.0000
9675.1209,1,0,0.107014,-0.657572,-0.074528,2.932964,-1.095024,0.037641,9.7892,-6.0474,-6.8940,-0.3145,0.3218,-0.2660,0.0000,0.0000,0.0000,0.0000,0.0000,0.0000
9675.1709,1,0,0.107005,-0.657577,-0.074524,2.932949,-1.095031,0.037643,9.9742,-6.3156,-6.7296,-0.2161,0.4314,-0.2662,0.0000,0.0000,0.0000,0.0000,0.0000,0.0000
9675.2309,1,0,0.107020,-0.657576,-0.074521,2.932956,-1.095015,0.037648,9.7103,-6.1693,-6.3433,-0.1861,0.2424,-0.2322,0.0000,0.0000,0.0000,0.0000,0.0000,0.0000
9675.2809,1,0,0.107021,-0.657569,-0.074528,2.932978,-1.095006,0.037620,9.7919,-5.1746,-5.7725,-0.2779,0.3440,-0.2059,0.0000,0.0000,0.0000,0.0000,0.0000,0.0000
9675.3309,1,0,0.107014,-0.657574,-0.074527,2.932949,-1.095021,0.037611,9.3948,-5.4735,-5.9268,-0.2669,0.3668,-0.1613,0.0000,0.0000,0.0000,0.0000,0.0000,0.0000
9675.3909,1,0,0.107013,-0.657579,-0.074530,2.932944,-1.095039,0.037639,9.2977,-5.6463,-6.1020,-0.2275,0.2487,-0.2032,0.0000,0.0000,0.0000,0.0000,0.0000,0.0000
9675.4510,1,0,0.107017,-0.657580,-0.074517,2.932941,-1.095018,0.037659,9.9443,-6.4350,-6.0724,-0.0312,0.4107,-0.2025,0.0000,0.0000,0.0000,0.0000,0.0000,0.0000
9675.5109,1,0,0.107011,-0.657581,-0.074522,2.932943,-1.095029,0.037648,9.4607,-5.3061,-6.3269,-0.4134,0.2966,-0.2225,0.0000,0.0000,0.0000,0.0000,0.0000,0.0000
9675.5610,1,0,0.107021,-0.657577,-0.074525,2.932955,-1.094995,0.037650,9.6047,-6.1938,-6.3511,-0.1917,0.4342,-0.1910,0.0000,0.0000,0.0000,0.0000,0.0000,0.0000
9675.6209,1,0,0.107021,-0.657568,-0.074529,2.932975,-1.094997,0.037627,9.8293,-5.8371,-6.3828,-0.2944,0.4393,-0.2528,0.0000,0.0000,0.0000,0.0000,0.0000,0.0000
9675.6809,1,0,0.107017,-0.657570,-0.074532,2.932976,-1.094995,0.037615,9.6008,-5.8482,-6.6245,-0.3192,0.3730,-0.1325,0.0000,0.0000,0.0000,0.0000,0.0000,0.0000
9675.7409,1,0,0.107021,-0.657577,-0.074520,2.932960,-1.094978,0.037641,9.8454,-5.4120,-6.2374,-0.2875,0.3170,-0.3402,0.0000,0.0000,0.0000,0.0000,0.0000,0.0000
9675.7909,1,0,0.107008,-0.657579,-0.074523,2.932945,-1.095024,0.037632,9.3374,-5.5733,-6.6245,-0.3467,0.2775,-0.2060,0.0000,0.0000,0.0000,0.0000,0.0000,0.0000
9675.8509,1,0,0.107011,-0.657570,-0.074543,2.932983,-1.095026,0.037602,9.7986,-5.6692,-6.1430,-0.2426,0.3032,-0.2194,0.0000,0.0000,0.0000,0.0000,0.0000,0.0000
9675.9010,1,0,0.107023,-0.657568,-0.074541,2.932991,-1.095009,0.037614,9.3509,-5.6732,-6.1615,-0.2781,0.2990,-0.2350,0.0000,0.0000,0.0000,0.0000,0.0000,0.0000
9675.9608,1,0,0.107023,-0.657576,-0.074530,2.932966,-1.095004,0.037639,9.6883,-5.7332,-5.9307,-0.1552,0.3965,-0.2644,0.0000,0.0000,0.0000,0.0000,0.0000,0.0000
9676.0108,1,0,0.107022,-0.657574,-0.074525,2.932962,-1.094989,0.037637,9.6655,-5.8321,-6.4300,-0.2256,0.3039,-0.1145,0.0000,0.0000,0.0000,0.0000,0.0000,0.0000
9676.0707,1,0,0.107018,-0.657579,-0.074519,2.932942,-1.095013,0.037639,9.4919,-5.2491,-6.2683,-0.2797,0.1911,-0.2181,0.0000,0.0000,0.0000,0.0000,0.0000,0.0000
9676.1209,1,0,0.107017,-0.657578,-0.074518,2.932962,-1.094984,0.037642,9.3956,-5.6302,-6.3745,-0.3396,0.2229,-0.1451,0.0000,0.0000,0.0000,0.0000,0.0000,0.0000
9676.1809,1,0,0.107011,-0.657572,-0.074528,2.932970,-1.095029,0.037632,9.9678,-6.1373,-6.3008,-0.1455,0.4324,-0.2499,0.0000,0.0000,0.0000,0.0000,0.0000,0.0000
9676.2409,1,0,0.107017,-0.657572,-0.074527,2.932971,-1.095010,0.037613,9.7778,-5.8764,-6.0800,-0.1846,0.3570,-0.3390,0.0000,0.0000,0.0000,0.0000,0.0000,0.0000
9676.3009,1,0,0.107012,-0.657573,-0.074531,2.932966,-1.095026,0.037621,9.6321,-6.5770,-6.3276,-0.1005,0.4023,-0.3233,0.0000,0.0000,0.0000,0.0000,0.0000,0.0000
9676.3509,1,0,0.107002,-0.657580,-0.074526,2.932946,-1.095026,0.037637,9.7128,-5.8640,-6.2972,-0.2442,0.3626,-0.2355,0.0000,0.0000,0.0000,0.0000,0.0000,0.0000
9676.4109,1,0,0.107016,-0.657580,-0.074521,2.932952,-1.095005,0.037654,10.1154,-5.5907,-6.1210,-0.3094,0.4619,-0.3433,0.0000,0.0000,0.0000,0.0000,0.0000,0.0000
9676.4609,1,0,0.107015,-0.657577,-0.074531,2.932965,-1.095011,0.037624,9.9085,-6.2221,-6.2494,-0.1592,0.4156,-0.2947,0.0000,0.0000,0.0000,0.0000,0.0000,0.0000
9676.5208,1,0,0.107018,-0.657574,-0.074526,2.932970,-1.095017,0.037633,9.5545,-5.6070,-5.9700,-0.2407,0.3882,-0.2210,0.0000,0.0000,0.0000,0.0000,0.0000,0.0000
9676.5709,1,0,0.107014,-0.657571,-0.074532,2.932964,-1.095024,0.037634,9.8794,-5.9144,-6.4993,-0.2126,0.2945,-0.3084,0.0000,0.0000,0.0000,0.0000,0.0000,0.0000
9676.6209,1,0,0.107025,-0.657567,-0.074538,2.933001,-1.094995,0.037618,9.5310,-5.7847,-6.3122,-0.2393,0.2498,-0.2483,0.0000,0.0000,0.0000,0.0000,0.0000,0.0000
9676.6709,1,0,0.107015,-0.657575,-0.074528,2.932966,-1.095000,0.037627,9.5847,-5.6848,-6.4721,-0.2662,0.2506,-0.2638,0.0000,0.0000,0.0000,0.0000,0.0000,0.0000
9676.7209,1,0,0.107014,-0.657571,-0.074536,2.932976,-1.095009,0.037611,9.8447,-5.6717,-6.6996,-0.3269,0.2927,-0.2807,0.0000,0.0000,0.0000,0.0000,0.0000,0.0000
9676.7809,2,0,0.107014,-0.657579,-0.074524,2.932945,-1.095007,0.037631,9.8749,-6.0107,-5.9494,-0.1607,0.3425,-0.2336,0.0000,0.0000,0.0000,0.0000,0.0000,0.0000
9676.8309,2,0,0.107024,-0.657578,-0.074522,2.932955,-1.094991,0.037649,10.0758,-6.5485,-6.3294,-0.0875,0.3203,-0.2767,0.0000,0.0000,0.0000,0.0000,0.0000,0.0000
9676.8809,2,0,0.107018,-0.657576,-0.074524,2.932940,-1.095011,0.037633,9.6736,-5.3284,-6.2531,-0.3179,0.3073,-0.2359,0.0000,0.0000,0.0000,0.0000,0.0000,0.0000
9676.9309,2,0,0.107009,-0.657578,-0.074526,2.932934,-1.095038,0.037614,9.6514,-6.0974,-6.0346,-0.1337,0.2890,-0.2321,0.0000,0.0000,0.0000,0.0000,0.0000,0.0000
9676.9908,2,0,0.107020,-0.657577,-0.074524,2.932949,-1.095000,0.037642,9.4385,-4.9146,-6.3548,-0.4197,0.2585,-0.3117,0.0000,0.0000,0.0000,0.0000,0.0000,0.0000
9677.0409,2,0,0.107028,-0.657578,-0.074519,2.932950,-1.094971,0.037665,9.5158,-5.3802,-6.0634,-0.2282,0.3340,-0.2198,0.0000,0.0000,0.0000,0.0000,0.0000,0.0000
9677.1008,2,0,0.107016,-0.657578,-0.074518,2.932948,-1.095013,0.037649,9.6595,-6.0243,-6.4707,-0.1912,0.2076,-0.2766,0.0000,0.0000,0.0000,0.0000,0.0000,0.0000
9677.1607,2,0,0.107017,-0.657574,-0.074524,2.932963,-1.095014,0.037649,9.8293,-5.9994,-6.4458,-0.2357,0.3110,-0.2045,0.0000,0.0000,0.0000,0.0000,0.0000,0.0000
9677.2207,2,0,0.107019,-0.657577,-0.074521,2.932962,-1.094998,0.037668,9.5204,-6.8867,-6.5894,-0.0848,0.2406,-0.1854,0.0000,0.0000,0.0000,0.0000,0.0000,0.0000
9677.2807,2,0,0.107017,-0.657575,-0.074529,2.932955,-1.095020,0.037640,9.6462,-5.2999,-5.9979,-0.2586,0.2489,-0.1590,0.0000,0.0000,0.0000,0.0000,0.0000,0.0000
9677.3307,2,0,0.107018,-0.657573,-0.074531,2.932971,-1.095011,0.037632,9.8704,-5.9663,-6.3657,-0.1611,0.3438,-0.2037,0.0000,0.0000,0.0000,0.0000,0.0000,0.0000
9677.3907,2,0,0.107010,-0.657571,-0.074532,2.932954,-1.095059,0.037618,9.7177,-6.3137,-6.4176,-0.1784,0.4316,-0.1907,0.0000,0.0000,0.0000,0.0000,0.0000,0.0000
9677.4507,2,0,0.107014,-0.657576,-0.074526,2.932959,-1.095010,0.037631,9.5505,-5.5868,-7.1288,-0.4098,0.2471,-0.2515,0.0000,0.0000,0.0000,0.0000,0.0000,0.0000
9677.5107,2,0,0.107018,-0.657575,-0.074524,2.932955,-1.095005,0.037625,9.8686,-5.8221,-6.2899,-0.1787,0.1859,-0.1563,0.0000,0.0000,0.0000,0.0000,0.0000,0.0000
9677.5707,2,0,0.107024,-0.657573,-0.074521,2.932959,-1.094991,0.037654,9.6301,-6.3871,-6.8586,-0.2991,0.2928,-0.2801,0.0000,0.0000,0.0000,0.0000,0.0000,0.0000
9677.6308,2,0,0.107018,-0.657571,-0.074529,2.932968,-1.095005,0.037627,9.8174,-6.0572,-6.7839,-0.3081,0.3442,-0.2214,0.0000,0.0000,0.0000,0.0000,0.0000,0.0000
9677.6907,2,0,0.107025,-0.657584,-0.074507,2.932924,-1.094989,0.037661,9.5954,-5.7137,-6.4461,-0.2944,0.3058,-0.2056,0.0000,0.0000,0.0000,0.0000,0.0000,0.0000
9677.7409,2,0,0.107024,-0.657586,-0.074511,2.932930,-1.094988,0.037658,9.5549,-5.6088,-6.1588,-0.3141,0.3143,-0.2210,0.0000,0.0000,0.0000,0.0000,0.0000,0.0000
9677.8008,2,0,0.107029,-0.657577,-0.074519,2.932943,-1.094995,0.037649,9.8461,-6.1012,-6.4561,-0.2060,0.3509,-0.2047,0.0000,0.0000,0.0000,0.0000,0.0000,0.0000
9677.8510,2,0,0.107019,-0.657572,-0.074525,2.932947,-1.095024,0.037619,9.7325,-5.5613,-6.2448,-0.2649,0.2910,-0.2496,0.0000,0.0000,0.0000,0.0000,0.0000,0.0000
9677.9109,2,0,0.107019,-0.657575,-0.074524,2.932950,-1.095024,0.037649,9.3648,-6.2124,-6.3995,-0.1542,0.2893,-0.2176,0.0000,0.0000,0.0000,0.0000,0.0000,0.0000
9677.9709,2,0,0.107017,-0.657574,-0.074524,2.932954,-1.095015,0.037644,9.3235,-6.5837,-6.5935,-0.1176,0.2469,-0.3058,0.0000,0.0000,0.0000,0.0000,0.0000,0.0000
9678.0209,2,0,0.107017,-0.657570,-0.074538,2.932972,-1.095026,0.037612,9.4750,-5.8583,-6.1741,-0.2605,0.2336,-0.2035,0.0000,0.0000,0.0000,0.0000,0.0000,0.0000
9678.0809,2,0,0.107015,-0.657571,-0.074546,2.932983,-1.095020,0.037593,9.6544,-6.2341,-6.6872,-0.2312,0.3750,-0.2504,0.0000,0.0000,0.0000,0.0000,0.0000,0.0000
9678.1309,2,0,0.107009,-0.657572,-0.074531,2.932959,-1.095042,0.037603,9.7260,-5.3994,-5.7081,-0.1977,0.3366,-0.2940,0.0000,0.0000,0.0000,0.0000,0.0000,0.0000
9678.1909,2,0,0.107023,-0.657569,-0.074537,2.932989,-1.094988,0.037615,9.7036,-6.5457,-6.4293,-0.1737,0.3094,-0.2183,0.0000,0.0000,0.0000,0.0000,0.0000,0.0000
9678.2409,2,0,0.107023,-0.657574,-0.074522,2.932960,-1.095012,0.037640,9.6433,-6.0458,-6.1722,-0.1584,0.3443,-0.2635,0.0000,0.0000,0.0000,0.0000,0.0000,0.0000
9678.2909,2,0,0.107019,-0.657576,-0.074523,2.932954,-1.095016,0.037622,9.8491,-5.9620,-6.2796,-0.2549,0.4035,-0.2215,0.0000,0.0000,0.0000,0.0000,0.0000,0.0000
9678.3509,2,0,0.107022,-0.657577,-0.074521,2.932957,-1.094998,0.037639,9.9176,-5.6772,-6.4853,-0.2796,0.4133,-0.2969,0.0000,0.0000,0.0000,0.0000,0.0000,0.0000
9678.4109,2,0,0.107014,-0.657577,-0.074532,2.932962,-1.095012,0.037629,9.5632,-5.5025,-6.2400,-0.3599,0.4297,-0.2689,0.0000,0.0000,0.0000,0.0000,0.0000,0.0000
9678.4709,2,0,0.107016,-0.657578,-0.074527,2.932953,-1.095027,0.037646,9.5734,-5.7713,-6.3119,-0.2361,0.2401,-0.2780,0.0000,0.0000,0.0000,0.0000,0.0000,0.0000
9678.5309,2,0,0.107019,-0.657579,-0.074520,2.932942,-1.095025,0.037650,9.5931,-6.2761,-6.5750,-0.2058,0.3448,-0.1747,0.0000,0.0000,0.0000,0.0000,0.0000,0.0000
9678.5909,2,0,0.107011,-0.657573,-0.074532,2.932964,-1.095026,0.037632,9.5706,-5.2793,-6.6047,-0.4221,0.2430,-0.2666,0.0000,0.0000,0.0000,0.0000,0.0000,0.0000
9678.6509,2,0,0.107008,-0.657576,-0.074529,2.932943,-1.095045,0.037623,9.8434,-6.0991,-6.4587,-0.1780,0.3598,-0.2342,0.0000,0.0000,0.0000,0.0000,0.0000,0.0000
9678.7108,2,0,0.107013,-0.657570,-0.074534,2.932974,-1.095003,0.037615,9.2667,-6.0407,-6.2747,-0.1783,0.3238,-0.2336,0.0000,0.0000,0.0000,0.0000,0.0000,0.0000
9678.7608,2,0,0.107013,-0.657578,-0.074525,2.932953,-1.095026,0.037638,9.5154,-6.1352,-6.0399,-0.1414,0.3938,-0.2940,0.0000,0.0000,0.0000,0.0000,0.0000,0.0000
9678.8108,2,0,0.107013,-0.657571,-0.074528,2.932958,-1.095017,0.037616,9.0450,-5.8210,-6.2204,-0.2657,0.2602,-0.2041,0.0000,0.0000,0.0000,0.0000,0.0000,0.0000
9678.8609,2,0,0.107015,-0.657575,-0.074527,2.932955,-1.095023,0.037628,9.3206,-5.3544,-6.1351,-0.3376,0.2711,-0.2805,0.0000,0.0000,0.0000,0.0000,0.0000,0.0000
9678.9109,2,0,0.107011,-0.657582,-0.074516,2.932936,-1.095027,0.037660,9.5579,-6.6656,-6.6583,-0.1569,0.3083,-0.2030,0.0000,0.0000,0.0000,0.0000,0.0000,0.0000
9678.9709,2,0,0.107020,-0.657578,-0.074528,2.932961,-1.095000,0.037645,9.3999,-5.5432,-6.3462,-0.2764,0.2476,-0.2191,0.0000,0.0000,0.0000,0.0000,0.0000,0.0000
9679.0310,2,0,0.107020,-0.657573,-0.074526,2.932964,-1.095006,0.037633,9.4832,-6.2079,-6.1815,-0.1111,0.3357,-0.2026,0.0000,0.0000,0.0000,0.0000,0.0000,0.0000
9679.0909,2,0,0.107020,-0.657575,-0.074522,2.932966,-1.095012,0.037639,9.5973,-6.6159,-6.2115,-0.1268,0.3424,-0.2031,0.0000,0.0000,0.0000,0.0000,0.0000,0.0000
9679.1509,2,0,0.107014,-0.657579,-0.074522,2.932947,-1.095042,0.037669,9.5543,-6.2021,-6.2631,-0.1186,0.2954,-0.1572,0.0000,0.0000,0.0000,0.0000,0.0000,0.0000
9679.2109,2,0,0.107013,-0.657574,-0.074528,2.932968,-1.095005,0.037632,9.7225,-5.3879,-6.0041,-0.2090,0.1429,-0.2308,0.0000,0.0000,0.0000,0.0000,0.0000,0.0000
9679.2709,2,0,0.107015,-0.657576,-0.074531,2.932960,-1.095008,0.037640,9.9211,-5.8248,-6.4640,-0.2106,0.3238,-0.1594,0.0000,0.0000,0.0000,0.0000,0.0000,0.0000
9679.3309,2,0,0.107018,-0.657572,-0.074528,2.932971,-1.095005,0.037638,9.8840,-6.1967,-6.4661,-0.2490,0.4138,-0.2814,0.0000,0.0000,0.0000,0.0000,0.0000,0.0000
9679.3909,2,0,0.107019,-0.657584,-0.074514,2.932938,-1.094991,0.037676,9.5089,-5.9357,-6.2943,-0.2875,0.3023,-0.2801,0.0000,0.0000,0.0000,0.0000,0.0000,0.0000
9679.4409,2,0,0.107024,-0.657582,-0.074518,2.932951,-1.094995,0.037650,9.2253,-6.4748,-6.1347,-0.1366,0.3023,-0.0978,0.0000,0.0000,0.0000,0.0000,0.0000,0.0000
9679.5009,2,0,0.107013,-0.657582,-0.074522,2.932940,-1.095009,0.037636,9.5371,-5.4832,-6.2625,-0.3201,0.3479,-0.1919,0.0000,0.0000,0.0000,0.0000,0.0000,0.0000
9679.5510,2,0,0.107013,-0.657577,-0.074523,2.932958,-1.095009,0.037637,9.3127,-5.5792,-6.1506,-0.3119,0.2709,-0.2202,0.0000,0.0000,0.0000,0.0000,0.0000,0.0000
9679.6109,2,0,0.107021,-0.657572,-0.074531,2.932975,-1.094991,0.037620,9.8066,-6.0067,-6.2554,-0.2282,0.3892,-0.2507,0.0000,0.0000,0.0000,0.0000,0.0000,0.0000
9679.6709,2,0,0.107022,-0.657572,-0.074534,2.932973,-1.094991,0.037628,9.5141,-5.9087,-6.1241,-0.2796,0.3267,-0.1309,0.0000,0.0000,0.0000,0.0000,0.0000,0.0000
9679.7309,2,0,0.107019,-0.657573,-0.074523,2.932961,-1.094995,0.037637,9.4523,-6.0462,-6.2220,-0.1864,0.2943,-0.2930,0.0000,0.0000,0.0000,0.0000,0.0000,0.0000
9679.7809,2,0,0.107017,-0.657578,-0.074517,2.932937,-1.095009,0.037645,9.9139,-5.8280,-6.4632,-0.2290,0.2815,-0.2786,0.0000,0.0000,0.0000,0.0000,0.0000,0.0000
9679.8409,2,0,0.107019,-0.657576,-0.074521,2.932957,-1.094985,0.037643,9.6991,-5.1958,-5.9701,-0.2610,0.3684,-0.2360,0.0000,0.0000,0.0000,0.0000,0.0000,0.0000
9679.9009,2,0,0.107016,-0.657575,-0.074532,2.932965,-1.095011,0.037626,9.7513,-6.0050,-6.0817,-0.1478,0.2045,-0.2458,0.0000,0.0000,0.0000,0.0000,0.0000,0.0000
9679.9609,2,0,0.107010,-0.657571,-0.074531,2.932959,-1.095038,0.037640,9.7531,-5.7061,-6.3156,-0.2792,0.3594,-0.3408,0.0000,0.0000,0.0000,0.0000,0.0000,0.0000
9680.0109,2,0,0.107014,-0.657577,-0.074525,2.932950,-1.095006,0.037646,9.7292,-5.6966,-6.1396,-0.2477,0.2278,-0.2331,0.0000,0.0000,0.0000,0.0000,0.0000,0.0000
9680.0609,2,0,0.107016,-0.657573,-0.074528,2.932969,-1.095007,0.037641,9.5118,-5.3732,-6.4503,-0.3265,0.3122,-0.3109,0.0000,0.0000,0.0000,0.0000,0.0000,0.0000
9680.1209,2,0,0.107010,-0.657577,-0.074528,2.932959,-1.095008,0.037619,9.8339,-5.0129,-5.9840,-0.3504,0.3443,-0.2820,0.0000,0.0000,0.0000,0.0000,0.0000,0.0000
9680.1809,2,0,0.107006,-0.657575,-0.074528,2.932948,-1.095047,0.037614,9.8920,-5.9539,-6.0847,-0.1604,0.3322,-0.1885,0.0000,0.0000,0.0000,0.0000,0.0000,0.0000
9680.2309,2,0,0.107020,-0.657577,-0.074522,2.932949,-1.094994,0.037634,9.7775,-5.8499,-5.9105,-0.1772,0.3783,-0.2794,0.0000,0.0000,0.0000,0.0000,0.0000,0.0000
9680.2809,2,0,0.107029,-0.657574,-0.074520,2.932959,-1.094983,0.037648,9.7204,-6.1894,-6.5147,-0.2827,0.3833,-0.2367,0.0000,0.0000,0.0000,0.0000,0.0000,0.0000
9680.3409,2,0,0.107024,-0.657574,-0.074522,2.932964,-1.094975,0.037623,9.2919,-5.9142,-6.8435,-0.2918,0.2112,-0.2635,0.0000,0.0000,0.0000,0.0000,0.0000,0.0000
9680.4009,2,0,0.107013,-0.657572,-0.074536,2.932968,-1.095031,0.037607,9.4155,-5.6505,-6.1626,-0.1605,0.2392,-0.1868,0.0000,0.0000,0.0000,0.0000,0.0000,0.0000
9680.4509,2,0,0.107017,-0.657577,-0.074528,2.932965,-1.095000,0.037636,9.4721,-5.8690,-6.2615,-0.1863,0.2263,-0.2319,0.0000,0.0000,0.0000,0.0000,0.0000,0.0000
9680.5010,2,0,0.107016,-0.657574,-0.074531,2.932974,-1.095023,0.037630,9.2241,-5.3273,-5.9915,-0.3083,0.2566,-0.2198,0.0000,0.0000,0.0000,0.0000,0.0000,0.0000
9680.5609,2,0,0.107017,-0.657570,-0.074534,2.932975,-1.095009,0.037616,9.5203,-5.2694,-5.8637,-0.2624,0.4052,-0.2964,0.0000,0.0000,0.0000,0.0000,0.0000,0.0000
9680.6209,2,0,0.107015,-0.657568,-0.074539,2.932984,-1.095016,0.037621,9.7706,-6.0957,-6.2902,-0.2015,0.3737,-0.2798,0.0000,0.0000,0.0000,0.0000,0.0000,0.0000
9680.6809,2,0,0.107017,-0.657576,-0.074525,2.932964,-1.095014,0.037638,9.6796,-5.7057,-6.3356,-0.2069,0.1870,-0.2615,0.0000,0.0000,0.0000,0.0000,0.0000,0.0000
9680.7309,2,0,0.107013,-0.657575,-0.074524,2.932955,-1.095030,0.037631,9.5583,-5.3168,-6.1974,-0.3155,0.3911,-0.1926,0.0000,0.0000,0.0000,0.0000,0.0000,0.0000
9680.7809,2,0,0.107016,-0.657577,-0.074518,2.932953,-1.095007,0.037633,9.8747,-5.5656,-5.9186,-0.2312,0.3993,-0.2809,0.0000,0.0000,0.0000,0.0000,0.0000,0.0000
9680.8409,2,0,0.107017,-0.657577,-0.074527,2.932964,-1.095029,0.037640,9.6567,-5.5220,-6.2957,-0.3228,0.3262,-0.2662,0.0000,0.0000,0.0000,0.0000,0.0000,0.0000
9680.9009,2,0,0.107018,-0.657576,-0.074525,2.932958,-1.095012,0.037633,9.6123,-5.7305,-6.1433,-0.1872,0.2322,-0.2769,0.0000,0.0000,0.0000,0.0000,0.0000,0.0000
9680.9609,2,0,0.107018,-0.657581,-0.074523,2.932946,-1.095015,0.037651,9.7588,-5.6833,-6.6177,-0.3821,0.4220,-0.2542,0.0000,0.0000,0.0000,0.0000,0.0000,0.0000
9681.0110,2,0,0.107020,-0.657575,-0.074529,2.932955,-1.095016,0.037636,9.6689,-5.4616,-6.4346,-0.3486,0.3827,-0.3425,0.0000,0.0000,0.0000,0.0000,0.0000,0.0000
9681.0709,2,0,0.107017,-0.657573,-0.074528,2.932951,-1.095007,0.037627,9.7470,-5.5186,-5.7988,-0.2394,0.3350,-0.2947,0.0000,0.0000,0.0000,0.0000,0.0000,0.0000
9681.1309,2,0,0.107011,-0.657573,-0.074529,2.932948,-1.095033,0.037635,10.0428,-6.4564,-6.6011,-0.1867,0.3966,-0.2650,0.0000,0.0000,0.0000,0.0000,0.0000,0.0000
9681.1809,2,0,0.107025,-0.657575,-0.074525,2.932962,-1.094990,0.037640,9.8430,-5.6483,-6.5278,-0.3810,0.3063,-0.2820,0.0000,0.0000,0.0000,0.0000,0.0000,0.0000
9681.2409,2,0,0.107017,-0.657573,-0.074525,2.932952,-1.095008,0.037647,9.7411,-5.7502,-6.2846,-0.2552,0.2725,-0.2042,0.0000,0.0000,0.0000,0.0000,0.0000,0.0000
9681.2909,2,0,0.107017,-0.657573,-0.074531,2.932963,-1.094998,0.037635,10.0261,-5.9338,-6.4458,-0.2288,0.2908,-0.2788,0.0000,0.0000,0.0000,0.0000,0.0000,0.0000
9681.3409,2,0,0.107019,-0.657577,-0.074520,2.932955,-1.094991,0.037649,9.7651,-5.4985,-6.3807,-0.2225,0.2481,-0.2779,0.0000,0.0000,0.0000,0.0000,0.0000,0.0000
9681.4007,2,0,0.107011,-0.657578,-0.074530,2.932953,-1.095029,0.037647,9.8327,-5.9025,-6.3307,-0.2136,0.3376,-0.2794,0.0000,0.0000,0.0000,0.0000,0.0000,0.0000
9681.4507,2,0,0.107016,-0.657575,-0.074526,2.932956,-1.095034,0.037648,9.5083,-5.6659,-6.2213,-0.2363,0.2678,-0.3084,0.0000,0.0000,0.0000,0.0000,0.0000,0.0000
9681.5008,2,0,0.107018,-0.657575,-0.074515,2.932945,-1.095018,0.037648,9.2866,-6.4352,-6.4353,-0.1917,0.2269,-0.1423,0.0000,0.0000,0.0000,0.0000,0.0000,0.0000
9681.5509,2,0,0.107012,-0.657575,-0.074519,2.932945,-1.095027,0.037641,9.5553,-5.9657,-6.5442,-0.1941,0.1175,-0.2450,0.0000,0.0000,0.0000,0.0000,0.0000,0.0000
9681.6109,2,0,0.107015,-0.657577,-0.074525,2.932942,-1.095010,0.037633,9.5528,-5.7800,-6.3103,-0.2249,0.2104,-0.2324,0.0000,0.0000,0.0000,0.0000,0.0000,0.0000
9681.6609,2,0,0.107019,-0.657575,-0.074529,2.932958,-1.095007,0.037622,9.5615,-6.0855,-6.4481,-0.2506,0.3488,-0.2055,0.0000,0.0000,0.0000,0.0000,0.0000,0.0000
9681.7109,2,0,0.107021,-0.657575,-0.074525,2.932957,-1.095004,0.037649,9.7027,-5.3800,-6.2048,-0.3224,0.3530,-0.3116,0.0000,0.0000,0.0000,0.0000,0.0000,0.0000
9681.7709,2,0,0.107014,-0.657578,-0.074523,2.932942,-1.095021,0.037650,9.8719,-5.9983,-6.3402,-0.2130,0.3699,-0.2949,0.0000,0.0000,0.0000,0.0000,0.0000,0.0000
9681.8209,2,0,0.107013,-0.657573,-0.074527,2.932959,-1.095029,0.037621,8.9282,-6.1289,-6.1039,-0.1754,0.2650,-0.1876,0.0000,0.0000,0.0000,0.0000,0.0000,0.0000
9681.8809,2,0,0.107012,-0.657583,-0.074518,2.932935,-1.095019,0.037653,9.4114,-6.3549,-6.4655,-0.1766,0.2964,-0.2331,0.0000,0.0000,0.0000,0.0000,0.0000,0.0000
9681.9409,2,0,0.107014,-0.657577,-0.074529,2.932951,-1.095034,0.037642,9.4839,-5.7706,-6.1452,-0.2174,0.3170,-0.2193,0.0000,0.0000,0.0000,0.0000,0.0000,0.0000
9681.9911,2,1,0.107016,-0.657579,-0.074527,2.932952,-1.095019,0.037652,9.9286,-8.1366,-9.8823,-0.5935,0.2318,-0.2274,0.0000,0.0000,-2.0000,0.0000,0.0000,0.0000
9682.0510,2,1,0.107024,-0.657571,-0.074566,2.933002,-1.094989,0.037602,2.5764,5.7901,2.5689,-0.6550,-0.2310,-0.1725,0.0000,0.0000,-2.0000,0.0000,0.0000,0.0000
9682.1011,2,1,0.107022,-0.657567,-0.074587,2.933015,-1.095005,0.037577,2.6886,5.1265,1.2601,-0.7802,-0.2748,-0.1442,0.0000,0.0000,-2.0000,0.0000,0.0000,0.0000
9682.1610,2,1,0.107025,-0.657570,-0.074594,2.933008,-1.095017,0.037561,2.9450,5.3876,1.7759,-0.7280,-0.2192,-0.2788,0.0000,0.0000,-2.0000,0.0000,0.0000,0.0000
9682.2112,2,1,0.107023,-0.657568,-0.074591,2.933010,-1.095022,0.037567,2.5083,5.4983,2.2812,-0.7119,-0.1169,-0.2205,0.0000,0.0000,-2.0000,0.0000,0.0000,0.0000
9682.2710,2,1,0.107022,-0.657566,-0.074591,2.933016,-1.094992,0.037560,3.1933,4.1974,1.1911,-0.6584,-0.1341,-0.1594,0.0000,0.0000,-2.0000,0.0000,0.0000,0.0000
9682.3311,2,1,0.107025,-0.657563,-0.074601,2.933032,-1.094996,0.037553,2.4640,5.1621,1.9341,-0.6730,-0.2977,-0.1866,0.0000,0.0000,-2.0000,0.0000,0.0000,0.0000
9682.3811,2,1,0.107019,-0.657567,-0.074600,2.933012,-1.095023,0.037558,3.0788,5.4617,1.7529,-0.7571,-0.1615,-0.2505,0.0000,0.0000,-2.0000,0.0000,0.0000,0.0000
9682.4411,2,1,0.107033,-0.657562,-0.074603,2.933041,-1.094973,0.037558,2.8898,5.7632,1.6579,-0.7382,-0.1954,-0.1897,0.0000,0.0000,-2.0000,0.0000,0.0000,0.0000
9682.4911,2,1,0.107024,-0.657562,-0.074600,2.933030,-1.094995,0.037558,2.6584,5.6986,1.9431,-0.7286,-0.2249,-0.2787,0.0000,0.0000,-2.0000,0.0000,0.0000,0.0000
9682.5511,2,1,0.107024,-0.657567,-0.074598,2.933025,-1.095010,0.037572,2.7584,5.1085,1.8587,-0.6801,-0.1561,-0.2192,0.0000,0.0000,-2.0000,0.0000,0.0000,0.0000
9682.6011,2,1,0.107023,-0.657561,-0.074602,2.933041,-1.095017,0.037538,2.5848,6.1842,2.1257,-0.8319,-0.2635,-0.2201,0.0000,0.0000,-2.0000,0.0000,0.0000,0.0000
9682.6511,2,1,0.107023,-0.657564,-0.074597,2.933017,-1.095024,0.037557,2.9919,6.0187,2.3144,-0.7065,-0.0962,-0.1909,0.0000,0.0000,-2.0000,0.0000,0.0000,0.0000
9682.7011,2,1,0.107023,-0.657560,-0.074602,2.933033,-1.095006,0.037534,2.7354,5.2348,2.1716,-0.6600,-0.1625,-0.2486,0.0000,0.0000,-2.0000,0.0000,0.0000,0.0000
9682.7611,2,1,0.107021,-0.657564,-0.074604,2.933020,-1.095031,0.037552,3.0372,5.5569,1.3148,-0.8792,-0.1610,-0.3574,0.0000,0.0000,-2.0000,0.0000,0.0000,0.0000
9682.8111,2,1,0.107020,-0.657560,-0.074604,2.933035,-1.095039,0.037549,2.9457,5.0756,1.7604,-0.6830,-0.1546,-0.3389,0.0000,0.0000,-2.0000,0.0000,0.0000,0.0000
9682.8711,2,1,0.107020,-0.657560,-0.074600,2.933039,-1.095019,0.037550,2.5972,5.2065,2.1281,-0.6500,-0.1302,-0.2789,0.0000,0.0000,-2.0000,0.0000,0.0000,0.0000
9682.9311,2,1,0.107026,-0.657561,-0.074608,2.933041,-1.095012,0.037553,2.8732,5.4293,1.9889,-0.6988,-0.1342,-0.2050,0.0000,0.0000,-2.0000,0.0000,0.0000,0.0000
9682.9911,2,1,0.107033,-0.657564,-0.074593,2.933027,-1.095023,0.037591,2.5877,5.2935,1.9377,-0.6948,-0.3149,-0.1269,0.0000,0.0000,-2.0000,0.0000,0.0000,0.0000
9683.0508,2,1,0.107023,-0.657557,-0.074606,2.933039,-1.095032,0.037543,2.6856,5.4129,1.8036,-0.7642,-0.2607,-0.2039,0.0000,0.0000,-2.0000,0.0000,0.0000,0.0000
9683.1011,2,1,0.107022,-0.657561,-0.074601,2.933029,-1.095022,0.037541,3.0495,5.2050,1.8687,-0.7551,-0.1438,-0.2657,0.0000,0.0000,-2.0000,0.0000,0.0000,0.0000
9683.1611,2,1,0.107031,-0.657558,-0.074608,2.933047,-1.094994,0.037545,2.7523,5.1375,1.8726,-0.6785,-0.1398,-0.2494,0.0000,0.0000,-2.0000,0.0000,0.0000,0.0000
9683.2111,2,1,0.107032,-0.657565,-0.074602,2.933038,-1.094985,0.037560,2.7190,5.5080,1.8831,-0.7897,-0.2137,-0.2053,0.0000,0.0000,-2.0000,0.0000,0.0000,0.0000
9683.2710,2,1,0.107034,-0.657564,-0.074600,2.933043,-1.094992,0.037556,2.9024,5.5679,2.2052,-0.7839,-0.1219,-0.1769,0.0000,0.0000,-2.0000,0.0000,0.0000,0.0000
9683.3211,2,1,0.107034,-0.657564,-0.074596,2.933037,-1.094975,0.037560,2.6983,5.8849,2.4966,-0.6924,-0.2927,-0.2319,0.0000,0.0000,-2.0000,0.0000,0.0000,0.0000
9683.3711,2,1,0.107022,-0.657563,-0.074599,2.933022,-1.095036,0.037548,3.0326,4.5461,1.5776,-0.6276,-0.1937,-0.2774,0.0000,0.0000,-2.0000,0.0000,0.0000,0.0000
9683.4310,2,1,0.107022,-0.657563,-0.074597,2.933016,-1.095020,0.037572,2.5914,5.3729,1.9303,-0.6680,-0.3359,-0.2307,0.0000,0.0000,-2.0000,0.0000,0.0000,0.0000
9683.4811,2,1,0.107030,-0.657560,-0.074600,2.933037,-1.094993,0.037546,2.9846,5.9101,2.2490,-0.7348,-0.1440,-0.2055,0.0000,0.0000,-2.0000,0.0000,0.0000,0.0000
9683.5311,2,1,0.107028,-0.657560,-0.074603,2.933036,-1.095011,0.037533,3.0040,5.3306,1.8203,-0.6683,-0.1290,-0.2494,0.0000,0.0000,-2.0000,0.0000,0.0000,0.0000
9683.5910,2,1,0.107021,-0.657559,-0.074607,2.933041,-1.095022,0.037548,3.2630,5.0416,1.7474,-0.7268,-0.1785,-0.2646,0.0000,0.0000,-2.0000,0.0000,0.0000,0.0000
9683.6410,2,1,0.107025,-0.657559,-0.074603,2.933044,-1.095013,0.037544,3.0730,5.5705,1.8796,-0.6915,-0.3586,-0.3204,0.0000,0.0000,-2.0000,0.0000,0.0000,0.0000
9683.6911,2,1,0.107027,-0.657557,-0.074603,2.933049,-1.095001,0.037537,3.0253,6.0859,2.2521,-0.7807,-0.1487,-0.2512,0.0000,0.0000,-2.0000,0.0000,0.0000,0.0000
9683.7412,2,1,0.107027,-0.657558,-0.074605,2.933049,-1.095001,0.037536,2.9851,5.3188,1.5899,-0.8130,-0.2146,-0.2356,0.0000,0.0000,-2.0000,0.0000,0.0000,0.0000
9683.8010,2,1,0.107024,-0.657563,-0.074595,2.933028,-1.095015,0.037567,3.0004,5.0349,1.5238,-0.6099,-0.3590,-0.1843,0.0000,0.0000,-2.0000,0.0000,0.0000,0.0000
9683.8511,2,1,0.107027,-0.657566,-0.074595,2.933018,-1.094998,0.037567,2.4315,5.8014,1.9387,-0.7829,-0.2822,-0.2338,0.0000,0.0000,-2.0000,0.0000,0.0000,0.0000
9683.9011,2,1,0.107021,-0.657566,-0.074599,2.933027,-1.095015,0.037565,3.1910,5.4870,1.9329,-0.7629,-0.1337,-0.2960,0.0000,0.0000,-2.0000,0.0000,0.0000,0.0000
9683.9611,2,1,0.107019,-0.657559,-0.074606,2.933039,-1.095028,0.037546,2.5416,5.6758,2.1806,-0.7063,-0.3269,-0.2615,0.0000,0.0000,-2.0000,0.0000,0.0000,0.0000
9684.0209,2,1,0.107030,-0.657562,-0.074603,2.933037,-1.095007,0.037548,2.7794,5.2125,1.6244,-0.7184,-0.3399,-0.3063,0.0000,0.0000,-2.0000,0.0000,0.0000,0.0000
9684.0808,2,1,0.107022,-0.657568,-0.074597,2.933012,-1.095026,0.037564,3.0535,5.1646,1.5025,-0.7067,-0.2391,-0.2332,0.0000,0.0000,-2.0000,0.0000,0.0000,0.0000
9684.1408,2,1,0.107024,-0.657562,-0.074608,2.933041,-1.095011,0.037560,2.7593,5.4204,2.0795,-0.7268,-0.1731,-0.1600,0.0000,0.0000,-2.0000,0.0000,0.0000,0.0000
9684.1911,2,1,0.107023,-0.657556,-0.074613,2.933049,-1.095012,0.037533,2.9925,4.9695,2.1052,-0.5997,-0.1362,-0.2031,0.0000,0.0000,-2.0000,0.0000,0.0000,0.0000
9684.2511,2,1,0.107022,-0.657564,-0.074603,2.933033,-1.095006,0.037557,2.9224,5.5524,2.2994,-0.6699,-0.1286,-0.2196,0.0000,0.0000,-2.0000,0.0000,0.0000,0.0000
9684.3111,2,1,0.107022,-0.657560,-0.074604,2.933041,-1.095011,0.037545,2.7741,5.6002,2.1363,-0.7680,-0.1953,-0.2201,0.0000,0.0000,-2.0000,0.0000,0.0000,0.0000
9684.3710,2,1,0.107025,-0.657561,-0.074605,2.933041,-1.095013,0.037545,2.9192,5.4312,2.3164,-0.6219,-0.1479,-0.1734,0.0000,0.0000,-2.0000,0.0000,0.0000,0.0000
9684.4311,2,1,0.107032,-0.657558,-0.074605,2.933053,-1.094994,0.037556,2.9007,4.8295,1.1521,-0.7454,-0.3156,-0.1278,0.0000,0.0000,-2.0000,0.0000,0.0000,0.0000
9684.4911,2,1,0.107017,-0.657564,-0.074596,2.933034,-1.095015,0.037562,2.8118,5.5528,1.9859,-0.8354,-0.0733,-0.2087,0.0000,0.0000,-2.0000,0.0000,0.0000,0.0000
9684.5411,2,1,0.107023,-0.657565,-0.074594,2.933017,-1.095007,0.037552,2.6869,5.3849,2.0075,-0.6870,-0.1721,-0.2639,0.0000,0.0000,-2.0000,0.0000,0.0000,0.0000
9684.6011,2,1,0.107026,-0.657565,-0.074595,2.933023,-1.095005,0.037567,2.9618,5.0035,1.9090,-0.6564,-0.1598,-0.2486,0.0000,0.0000,-2.0000,0.0000,0.0000,0.0000
9684.6610,2,1,0.107023,-0.657559,-0.074605,2.933042,-1.095023,0.037552,2.9137,5.1543,1.9688,-0.6406,-0.1691,-0.2332,0.0000,0.0000,-2.0000,0.0000,0.0000,0.0000
9684.7211,2,1,0.107032,-0.657558,-0.074599,2.933037,-1.095010,0.037546,2.8103,5.5281,2.2026,-0.7168,-0.1437,-0.2052,0.0000,0.0000,-2.0000,0.0000,0.0000,0.0000
9684.7811,2,1,0.107033,-0.657567,-0.074596,2.933021,-1.094996,0.037559,2.8683,5.2707,2.3288,-0.6095,-0.2062,-0.2469,0.0000,0.0000,-2.0000,0.0000,0.0000,0.0000
9684.8411,2,1,0.107034,-0.657559,-0.074605,2.933050,-1.094995,0.037541,2.9094,4.7729,1.8114,-0.6516,-0.1096,-0.1896,0.0000,0.0000,-2.0000,0.0000,0.0000,0.0000
9684.8911,2,1,0.107022,-0.657560,-0.074596,2.933043,-1.095017,0.037537,2.9504,5.5387,2.0898,-0.7506,-0.1071,-0.2364,0.0000,0.0000,-2.0000,0.0000,0.0000,0.0000
9684.9511,2,1,0.107030,-0.657557,-0.074606,2.933058,-1.095002,0.037532,3.0817,6.3005,2.8851,-0.6822,-0.0348,-0.3112,0.0000,0.0000,-2.0000,0.0000,0.0000,0.0000
9685.0111,2,1,0.107023,-0.657562,-0.074598,2.933035,-1.095005,0.037555,3.1226,4.9343,1.4860,-0.7735,-0.1200,-0.1918,0.0000,0.0000,-2.0000,0.0000,0.0000,0.0000
9685.0611,2,1,0.107009,-0.657564,-0.074600,2.933028,-1.095045,0.037559,2.4473,6.0098,2.7456,-0.6657,-0.3371,-0.1110,0.0000,0.0000,-2.0000,0.0000,0.0000,0.0000
9685.1211,2,1,0.107019,-0.657567,-0.074599,2.933013,-1.095042,0.037565,2.9675,5.3868,1.7181,-0.7910,-0.2398,-0.3245,0.0000,0.0000,-2.0000,0.0000,0.0000,0.0000
9685.1810,2,1,0.107024,-0.657570,-0.074597,2.933015,-1.095018,0.037563,2.7660,5.6438,2.4703,-0.6987,-0.1536,-0.2196,0.0000,0.0000,-2.0000,0.0000,0.0000,0.0000
9685.2311,2,1,0.107025,-0.657566,-0.074597,2.933024,-1.095005,0.037558,2.9950,4.9213,1.8967,-0.5846,-0.1821,-0.2618,0.0000,0.0000,-2.0000,0.0000,0.0000,0.0000
9685.2910,2,1,0.107018,-0.657565,-0.074604,2.933035,-1.095024,0.037548,2.6930,5.8137,2.2866,-0.7595,-0.1610,-0.2206,0.0000,0.0000,-2.0000,0.0000,0.0000,0.0000
9685.3410,2,1,0.107025,-0.657564,-0.074605,2.933025,-1.095015,0.037543,2.7896,5.3384,2.3363,-0.6259,-0.2017,-0.2024,0.0000,0.0000,-2.0000,0.0000,0.0000,0.0000
9685.4010,2,1,0.107026,-0.657569,-0.074596,2.933022,-1.095001,0.037561,2.8086,5.2691,1.3021,-0.8248,-0.1938,-0.1764,0.0000,0.0000,-2.0000,0.0000,0.0000,0.0000
9685.4511,2,1,0.107021,-0.657562,-0.074607,2.933035,-1.095009,0.037530,3.0984,6.0605,2.5335,-0.7613,-0.1030,-0.2965,0.0000,0.0000,-2.0000,0.0000,0.0000,0.0000
9685.5110,2,1,0.107020,-0.657561,-0.074604,2.933039,-1.095013,0.037538,2.6457,5.5326,1.4698,-0.8395,-0.1925,-0.2216,0.0000,0.0000,-2.0000,0.0000,0.0000,0.0000
9685.5611,2,1,0.107015,-0.657559,-0.074609,2.933035,-1.095027,0.037537,2.9127,5.3376,1.7434,-0.7931,-0.1674,-0.2212,0.0000,0.0000,-2.0000,0.0000,0.0000,0.0000
9685.6211,2,1,0.107026,-0.657562,-0.074606,2.933036,-1.094991,0.037539,2.7415,5.3845,1.7409,-0.8259,-0.1657,-0.2068,0.0000,0.0000,-2.0000,0.0000,0.0000,0.0000
9685.6810,2,1,0.107034,-0.657565,-0.074600,2.933025,-1.094992,0.037552,3.1049,5.6018,1.7003,-0.8662,-0.1439,-0.2827,0.0000,0.0000,-2.0000,0.0000,0.0000,0.0000
9685.7311,2,1,0.107032,-0.657569,-0.074591,2.933016,-1.094988,0.037565,2.8697,5.5559,1.9681,-0.7165,-0.1699,-0.3094,0.0000,0.0000,-2.0000,0.0000,0.0000,0.0000
9685.7811,2,1,0.107028,-0.657561,-0.074598,2.933034,-1.094994,0.037553,2.9669,5.5473,2.1278,-0.6726,-0.1419,-0.2792,0.0000,0.0000,-2.0000,0.0000,0.0000,0.0000
9685.8311,2,1,0.107020,-0.657564,-0.074602,2.933024,-1.095002,0.037535,2.8623,5.4785,2.1702,-0.6772,-0.1581,-0.2341,0.0000,0.0000,-2.0000,0.0000,0.0000,0.0000
9685.8811,2,1,0.107034,-0.657559,-0.074601,2.933036,-1.095002,0.037537,2.8068,5.9536,2.3704,-0.6657,-0.1722,-0.2486,0.0000,0.0000,-2.0000,0.0000,0.0000,0.0000
9685.9311,2,1,0.107028,-0.657561,-0.074604,2.933042,-1.095006,0.037550,2.8859,4.9337,1.3847,-0.7594,-0.1282,-0.1913,0.0000,0.0000,-2.0000,0.0000,0.0000,0.0000
9685.9910,2,1,0.107034,-0.657562,-0.074604,2.933040,-1.095001,0.037557,2.9062,4.8958,2.0191,-0.6011,-0.2148,-0.2316,0.0000,0.0000,-2.0000,0.0000,0.0000,0.0000
9686.0411,2,1,0.107024,-0.657561,-0.074610,2.933039,-1.095022,0.037542,2.4798,6.2570,2.1885,-0.8464,-0.2305,-0.2210,0.0000,0.0000,-2.0000,0.0000,0.0000,0.0000
9686.1011,2,1,0.107026,-0.657566,-0.074597,2.933024,-1.095000,0.037562,2.7053,4.8576,1.1720,-0.8076,-0.2042,-0.2507,0.0000,0.0000,-2.0000,0.0000,0.0000,0.0000
9686.1611,2,1,0.107023,-0.657561,-0.074604,2.933040,-1.094998,0.037540,2.9778,5.6555,2.1912,-0.7191,-0.1034,-0.2359,0.0000,0.0000,-2.0000,0.0000,0.0000,0.0000
9686.2211,2,1,0.107023,-0.657561,-0.074603,2.933040,-1.095001,0.037527,2.7362,5.6868,2.2920,-0.7360,-0.2002,-0.2045,0.0000,0.0000,-2.0000,0.0000,0.0000,0.0000
9686.2711,2,1,0.107032,-0.657557,-0.074612,2.933050,-1.095009,0.037527,2.3585,5.4313,1.9616,-0.7888,-0.1797,-0.1461,0.0000,0.0000,-2.0000,0.0000,0.0000,0.0000
9686.3211,2,1,0.107020,-0.657563,-0.074604,2.933031,-1.095025,0.037536,2.5532,4.6311,1.8203,-0.6210,-0.2113,-0.1573,0.0000,0.0000,-2.0000,0.0000,0.0000,0.0000
9686.3811,2,1,0.107031,-0.657562,-0.074600,2.933035,-1.095001,0.037544,3.1642,5.3415,1.7596,-0.6768,-0.1608,-0.2938,0.0000,0.0000,-2.0000,0.0000,0.0000,0.0000
9686.4411,2,1,0.107018,-0.657560,-0.074606,2.933033,-1.095032,0.037547,2.7874,5.6393,2.2790,-0.7543,-0.1729,-0.2951,0.0000,0.0000,-2.0000,0.0000,0.0000,0.0000
9686.5010,2,1,0.107031,-0.657563,-0.074598,2.933032,-1.095002,0.037551,2.9727,5.3989,1.6725,-0.8034,-0.1774,-0.2361,0.0000,0.0000,-2.0000,0.0000,0.0000,0.0000
9686.5510,2,1,0.107018,-0.657565,-0.074597,2.933019,-1.095024,0.037553,2.2553,5.7647,1.7002,-0.7961,-0.2604,-0.1447,0.0000,0.0000,-2.0000,0.0000,0.0000,0.0000
9686.6010,2,1,0.107024,-0.657569,-0.074586,2.933019,-1.095004,0.037571,2.9053,5.8061,2.0515,-0.7551,-0.2921,-0.1733,0.0000,0.0000,-2.0000,0.0000,0.0000,0.0000
9686.6512,2,1,0.107021,-0.657569,-0.074589,2.933009,-1.095026,0.037570,2.8806,5.8250,2.7165,-0.6929,-0.1287,-0.1900,0.0000,0.0000,-2.0000,0.0000,0.0000,0.0000
9686.7108,2,1,0.107015,-0.657564,-0.074602,2.933027,-1.095029,0.037538,2.7245,5.7110,1.9318,-0.7439,-0.3015,-0.2925,0.0000,0.0000,-2.0000,0.0000,0.0000,0.0000
9686.7708,2,1,0.107031,-0.657558,-0.074606,2.933047,-1.095001,0.037540,3.1196,5.4986,2.0609,-0.7107,-0.1222,-0.2503,0.0000,0.0000,-2.0000,0.0000,0.0000,0.0000
9686.8211,2,1,0.107028,-0.657565,-0.074594,2.933028,-1.094997,0.037555,2.7775,5.9909,2.2596,-0.8147,-0.2280,-0.2952,0.0000,0.0000,-2.0000,0.0000,0.0000,0.0000
9686.8711,2,1,0.107031,-0.657561,-0.074596,2.933035,-1.094990,0.037555,2.7212,4.8575,1.7339,-0.6031,-0.2409,-0.2611,0.0000,0.0000,-2.0000,0.0000,0.0000,0.0000
9686.9311,2,1,0.107027,-0.657561,-0.074601,2.933039,-1.095010,0.037548,2.7692,4.7552,1.5577,-0.7108,-0.1653,-0.2197,0.0000,0.0000,-2.0000,0.0000,0.0000,0.0000
9686.9911,2,1,0.107021,-0.657562,-0.074602,2.933031,-1.095038,0.037553,2.5508,5.5202,2.5271,-0.6553,-0.2161,-0.1579,0.0000,0.0000,-2.0000,0.0000,0.0000,0.0000
9687.0411,2,1,0.107025,-0.657557,-0.074612,2.933052,-1.095015,0.037529,2.9415,5.4052,2.1311,-0.6135,-0.1303,-0.2782,0.0000,0.0000,-2.0000,0.0000,0.0000,0.0000
9687.0911,2,1,0.107027,-0.657560,-0.074608,2.933040,-1.095014,0.037517,2.3434,6.5235,2.7631,-0.7524,-0.2003,-0.1600,0.0000,0.0000,-2.0000,0.0000,0.0000,0.0000
9687.1511,2,1,0.107028,-0.657561,-0.074603,2.933049,-1.094987,0.037544,2.9485,5.0835,1.2440,-0.7402,-0.2521,-0.2485,0.0000,0.0000,-2.0000,0.0000,0.0000,0.0000
9687.2111,2,1,0.107029,-0.657565,-0.074595,2.933029,-1.094986,0.037574,2.7614,4.9466,1.8399,-0.6902,-0.1190,-0.2351,0.0000,0.0000,-2.0000,0.0000,0.0000,0.0000
9687.2710,2,1,0.107031,-0.657565,-0.074598,2.933032,-1.094982,0.037564,2.9669,5.2909,2.0175,-0.7188,-0.1044,-0.2209,0.0000,0.0000,-2.0000,0.0000,0.0000,0.0000
9687.3310,2,1,0.107023,-0.657564,-0.074606,2.933034,-1.095023,0.037561,2.6497,5.4808,1.7263,-0.7642,-0.2785,-0.2186,0.0000,0.0000,-2.0000,0.0000,0.0000,0.0000
9687.3810,2,1,0.107027,-0.657557,-0.074611,2.933054,-1.095012,0.037538,2.7653,5.7776,3.0275,-0.6572,-0.1177,-0.2643,0.0000,0.0000,-2.0000,0.0000,0.0000,0.0000
9687.4311,2,1,0.107033,-0.657566,-0.074599,2.933029,-1.094995,0.037566,2.7855,5.6967,2.1057,-0.8170,-0.1432,-0.2071,0.0000,0.0000,-2.0000,0.0000,0.0000,0.0000
9687.4911,2,1,0.107020,-0.657558,-0.074607,2.933048,-1.095018,0.037542,2.3515,5.4450,2.0884,-0.7047,-0.2145,-0.1738,0.0000,0.0000,-2.0000,0.0000,0.0000,0.0000
9687.5510,2,1,0.107015,-0.657562,-0.074605,2.933022,-1.095048,0.037539,3.1452,5.1827,2.5299,-0.5723,-0.0988,-0.2332,0.0000,0.0000,-2.0000,0.0000,0.0000,0.0000
9687.6010,2,1,0.107016,-0.657558,-0.074608,2.933035,-1.095045,0.037529,2.9732,5.5347,1.8198,-0.7596,-0.0774,-0.2820,0.0000,0.0000,-2.0000,0.0000,0.0000,0.0000
9687.6610,2,1,0.107026,-0.657557,-0.074611,2.933055,-1.095009,0.037528,2.6593,5.5434,2.1507,-0.7060,-0.2546,-0.2628,0.0000,0.0000,-2.0000,0.0000,0.0000,0.0000
9687.7110,2,1,0.107023,-0.657563,-0.074608,2.933038,-1.095008,0.037540,2.7078,5.5592,2.5019,-0.6589,-0.0719,-0.2652,0.0000,0.0000,-2.0000,0.0000,0.0000,0.0000
9687.7611,2,1,0.107023,-0.657562,-0.074609,2.933042,-1.095022,0.037541,2.8288,5.4626,1.8472,-0.7901,-0.1208,-0.1173,0.0000,0.0000,-2.0000,0.0000,0.0000,0.0000
9687.8210,2,1,0.107025,-0.657556,-0.074611,2.933058,-1.095005,0.037529,2.8049,5.0601,1.9768,-0.5912,-0.3124,-0.2446,0.0000,0.0000,-2.0000,0.0000,0.0000,0.0000
9687.8711,2,1,0.107028,-0.657559,-0.074603,2.933047,-1.094992,0.037533,2.9063,5.3476,1.7288,-0.7509,-0.1702,-0.2801,0.0000,0.0000,-2.0000,0.0000,0.0000,0.0000
9687.9311,2,1,0.107028,-0.657560,-0.074601,2.933035,-1.094990,0.037538,2.6258,5.6396,2.2590,-0.6448,-0.1985,-0.1580,0.0000,0.0000,-2.0000,0.0000,0.0000,0.0000
9687.9911,2,1,0.107029,-0.657560,-0.074603,2.933036,-1.095004,0.037539,3.1510,5.8775,1.8044,-0.7900,-0.3204,-0.2183,0.0000,0.0000,-2.0000,0.0000,0.0000,0.0000
9688.0510,2,1,0.107037,-0.657560,-0.074603,2.933047,-1.094998,0.037556,2.6256,5.6199,2.1076,-0.6788,-0.2289,-0.2179,0.0000,0.0000,-2.0000,0.0000,0.0000,0.0000
9688.1110,2,1,0.107037,-0.657563,-0.074597,2.933038,-1.094988,0.037566,2.5453,5.8468,2.2667,-0.7267,-0.0874,-0.2513,0.0000,0.0000,-2.0000,0.0000,0.0000,0.0000
9688.1611,2,1,0.107030,-0.657566,-0.074594,2.933016,-1.094991,0.037563,2.8371,4.7664,2.1667,-0.5919,-0.1763,-0.1723,0.0000,0.0000,-2.0000,0.0000,0.0000,0.0000
9688.2210,2,1,0.107025,-0.657559,-0.074596,2.933036,-1.095012,0.037553,2.8854,5.5000,1.7472,-0.8057,-0.1529,-0.2515,0.0000,0.0000,-2.0000,0.0000,0.0000,0.0000
9688.2710,2,1,0.107028,-0.657559,-0.074606,2.933049,-1.094997,0.037535,2.7837,4.8263,1.7805,-0.6952,-0.1536,-0.1747,0.0000,0.0000,-2.0000,0.0000,0.0000,0.0000
9688.3211,2,1,0.107034,-0.657560,-0.074599,2.933037,-1.094976,0.037542,2.5519,5.9458,2.4696,-0.6995,-0.1826,-0.2041,0.0000,0.0000,-2.0000,0.0000,0.0000,0.0000
9688.3810,2,1,0.107025,-0.657567,-0.074588,2.933016,-1.095000,0.037567,2.7113,4.9875,1.3501,-0.7538,-0.1768,-0.1754,0.0000,0.0000,-2.0000,0.0000,0.0000,0.0000
9688.4310,2,1,0.107018,-0.657563,-0.074599,2.933028,-1.095029,0.037555,3.0171,5.2642,1.9394,-0.6893,-0.1368,-0.2198,0.0000,0.0000,-2.0000,0.0000,0.0000,0.0000
9688.4811,2,1,0.107015,-0.657562,-0.074598,2.933035,-1.095038,0.037543,2.8929,5.3471,1.6078,-0.8830,-0.1055,-0.2090,0.0000,0.0000,-2.0000,0.0000,0.0000,0.0000
9688.5410,2,1,0.107015,-0.657560,-0.074599,2.933016,-1.095042,0.037542,2.6863,6.4470,2.6458,-0.7734,-0.1071,-0.2218,0.0000,0.0000,-2.0000,0.0000,0.0000,0.0000
9688.5910,2,1,0.107024,-0.657555,-0.074609,2.933050,-1.095022,0.037532,2.8511,5.4336,1.8972,-0.7359,-0.1337,-0.1908,0.0000,0.0000,-2.0000,0.0000,0.0000,0.0000
9688.6510,2,1,0.107035,-0.657557,-0.074604,2.933056,-1.094987,0.037544,2.6187,5.6171,2.0312,-0.6556,-0.4761,-0.2129,0.0000,0.0000,-2.0000,0.0000,0.0000,0.0000
9688.7011,2,1,0.107033,-0.657559,-0.074607,2.933046,-1.094995,0.037547,2.4110,5.3805,2.0053,-0.7802,-0.1580,-0.2061,0.0000,0.0000,-2.0000,0.0000,0.0000,0.0000
9688.7511,2,1,0.107024,-0.657555,-0.074614,2.933061,-1.094999,0.037515,2.9865,5.7610,2.1385,-0.8215,-0.2282,-0.1906,0.0000,0.0000,-2.0000,0.0000,0.0000,0.0000
9688.8111,2,1,0.107023,-0.657561,-0.074606,2.933033,-1.095032,0.037540,2.9162,4.7271,1.5170,-0.7412,-0.1753,-0.2200,0.0000,0.0000,-2.0000,0.0000,0.0000,0.0000
9688.8711,2,1,0.107016,-0.657561,-0.074609,2.933032,-1.095031,0.037529,2.7528,5.7073,2.2254,-0.6137,-0.2493,-0.1863,0.0000,0.0000,-2.0000,0.0000,0.0000,0.0000
9688.9311,2,1,0.107022,-0.657564,-0.074598,2.933024,-1.095021,0.037565,3.0034,5.6065,1.6940,-0.7850,-0.1607,-0.3407,0.0000,0.0000,-2.0000,0.0000,0.0000,0.0000
9688.9910,2,1,0.107029,-0.657568,-0.074592,2.933018,-1.095015,0.037582,2.9287,5.9520,2.3527,-0.8042,-0.0332,-0.3285,0.0000,0.0000,-2.0000,0.0000,0.0000,0.0000
9689.0510,2,1,0.107034,-0.657560,-0.074601,2.933045,-1.094992,0.037557,2.4589,5.4705,2.1830,-0.6393,-0.3992,-0.1542,0.0000,0.0000,-2.0000,0.0000,0.0000,0.0000
9689.1011,2,1,0.107034,-0.657567,-0.074596,2.933032,-1.094995,0.037589,2.6061,5.1754,2.2038,-0.6361,-0.1551,-0.1885,0.0000,0.0000,-2.0000,0.0000,0.0000,0.0000
9689.1610,2,1,0.107026,-0.657564,-0.074601,2.933026,-1.095023,0.037572,2.6601,5.1104,1.5197,-0.7433,-0.2869,-0.2479,0.0000,0.0000,-2.0000,0.0000,0.0000,0.0000
9689.2210,2,1,0.107028,-0.657557,-0.074606,2.933045,-1.095008,0.037541,2.8081,5.8629,2.2972,-0.8059,0.0132,-0.2396,0.0000,0.0000,-2.0000,0.0000,0.0000,0.0000
9689.2711,2,1,0.107023,-0.657561,-0.074603,2.933033,-1.095002,0.037563,2.8186,5.4632,1.4955,-0.8318,-0.2203,-0.2658,0.0000,0.0000,-2.0000,0.0000,0.0000,0.0000
9689.3212,2,1,0.107024,-0.657565,-0.074598,2.933023,-1.095006,0.037554,2.6257,5.7843,2.2076,-0.7342,-0.2719,-0.1733,0.0000,0.0000,-2.0000,0.0000,0.0000,0.0000
9689.3808,2,1,0.107036,-0.657562,-0.074598,2.933032,-1.094978,0.037546,2.6912,5.3989,1.5514,-0.8045,-0.1170,-0.2372,0.0000,0.0000,-2.0000,0.0000,0.0000,0.0000
9689.4308,2,1,0.107025,-0.657566,-0.074603,2.933034,-1.095002,0.037549,2.8960,5.5700,1.7471,-0.7385,-0.2351,-0.2039,0.0000,0.0000,-2.0000,0.0000,0.0000,0.0000
9689.4907,2,1,0.107021,-0.657563,-0.074599,2.933029,-1.095014,0.037544,2.8423,4.8809,1.6614,-0.6839,-0.2360,-0.1879,0.0000,0.0000,-2.0000,0.0000,0.0000,0.0000
9689.5409,2,1,0.107020,-0.657563,-0.074600,2.933016,-1.095026,0.037538,2.8894,5.9182,2.0008,-0.7807,-0.1718,-0.2059,0.0000,0.0000,-2.0000,0.0000,0.0000,0.0000
9689.5910,2,1,0.107021,-0.657565,-0.074593,2.933024,-1.095001,0.037558,2.5500,5.1453,1.9045,-0.7146,-0.1093,-0.0862,0.0000,0.0000,-2.0000,0.0000,0.0000,0.0000
9689.6511,2,1,0.107025,-0.657566,-0.074594,2.933021,-1.095000,0.037559,3.1008,5.0487,1.7389,-0.7490,-0.1413,-0.2208,0.0000,0.0000,-2.0000,0.0000,0.0000,0.0000
9689.7110,2,1,0.107017,-0.657563,-0.074603,2.933034,-1.095029,0.037531,2.5692,5.3998,2.0619,-0.7220,-0.1501,-0.2500,0.0000,0.0000,-2.0000,0.0000,0.0000,0.0000
9689.7610,2,1,0.107020,-0.657564,-0.074600,2.933029,-1.095030,0.037555,3.0746,5.6124,1.9567,-0.7601,-0.1892,-0.2949,0.0000,0.0000,-2.0000,0.0000,0.0000,0.0000
9689.8211,2,1,0.107032,-0.657562,-0.074600,2.933036,-1.095004,0.037550,2.5373,5.9001,2.3349,-0.7296,-0.2438,-0.1587,0.0000,0.0000,-2.0000,0.0000,0.0000,0.0000
9689.8810,2,1,0.107028,-0.657564,-0.074594,2.933033,-1.094996,0.037562,2.6089,6.0418,2.3201,-0.7786,-0.1682,-0.2209,0.0000,0.0000,-2.0000,0.0000,0.0000,0.0000
9689.9311,2,1,0.107028,-0.657565,-0.074595,2.933031,-1.094995,0.037568,2.6424,5.5347,1.9030,-0.7545,-0.3355,-0.1575,0.0000,0.0000,-2.0000,0.0000,0.0000,0.0000
9689.9811,2,1,0.107029,-0.657564,-0.074601,2.933031,-1.095005,0.037560,2.6971,5.3594,1.6289,-0.8447,-0.1169,-0.2679,0.0000,0.0000,-2.0000,0.0000,0.0000,0.0000
9690.0311,2,1,0.107032,-0.657564,-0.074606,2.933040,-1.094992,0.037558,2.6037,5.7544,2.6586,-0.6845,-0.1172,-0.2798,0.0000,0.0000,-2.0000,0.0000,0.0000,0.0000
9690.0911,2,1,0.107030,-0.657560,-0.074606,2.933044,-1.095005,0.037546,2.7358,5.3872,1.9327,-0.7223,-0.2566,-0.2032,0.0000,0.0000,-2.0000,0.0000,0.0000,0.0000
9690.1411,2,1,0.107031,-0.657562,-0.074597,2.933038,-1.094979,0.037553,2.6736,5.7930,2.1421,-0.7920,-0.1915,-0.2057,0.0000,0.0000,-2.0000,0.0000,0.0000,0.0000
9690.2011,2,1,0.107028,-0.657563,-0.074595,2.933039,-1.094981,0.037566,2.5612,5.3150,1.8747,-0.6975,-0.1452,-0.2048,0.0000,0.0000,-2.0000,0.0000,0.0000,0.0000
9690.2611,2,1,0.107029,-0.657563,-0.074598,2.933039,-1.095009,0.037558,2.9685,4.3660,1.7525,-0.5853,-0.1776,-0.2470,0.0000,0.0000,-2.0000,0.0000,0.0000,0.0000
9690.3111,2,1,0.107017,-0.657562,-0.074598,2.933030,-1.095035,0.037557,2.7149,6.2727,2.7512,-0.7445,-0.1319,-0.1910,0.0000,0.0000,-2.0000,0.0000,0.0000,0.0000
9690.3611,2,1,0.107030,-0.657561,-0.074605,2.933043,-1.094997,0.037548,2.6390,5.2400,1.8191,-0.7318,-0.2635,-0.2481,0.0000,0.0000,-2.0000,0.0000,0.0000,0.0000
9690.4210,2,1,0.107034,-0.657558,-0.074593,2.933054,-1.094989,0.037558,3.0162,5.2902,1.6776,-0.7799,-0.1045,-0.2221,0.0000,0.0000,-2.0000,0.0000,0.0000,0.0000
9690.4710,2,1,0.107027,-0.657558,-0.074600,2.933037,-1.095015,0.037546,2.7036,5.7399,2.0732,-0.6956,-0.1407,-0.2198,0.0000,0.0000,-2.0000,0.0000,0.0000,0.0000
9690.5311,2,1,0.107021,-0.657563,-0.074598,2.933021,-1.095030,0.037556,2.8906,5.1343,2.0133,-0.6826,-0.2832,-0.2468,0.0000,0.0000,-2.0000,0.0000,0.0000,0.0000
9690.5811,2,1,0.107021,-0.657567,-0.074592,2.933011,-1.095017,0.037557,2.6611,5.2631,2.3447,-0.6024,-0.1488,-0.2030,0.0000,0.0000,-2.0000,0.0000,0.0000,0.0000
9690.6410,2,1,0.107020,-0.657567,-0.074595,2.933011,-1.095005,0.037537,2.8673,4.8596,1.6095,-0.6866,-0.2201,-0.2331,0.0000,0.0000,-2.0000,0.0000,0.0000,0.0000
9690.6911,2,1,0.107021,-0.657560,-0.074603,2.933026,-1.095020,0.037530,2.9390,5.4677,2.4715,-0.7207,-0.1471,-0.1903,0.0000,0.0000,-2.0000,0.0000,0.0000,0.0000
9690.7510,2,1,0.107027,-0.657568,-0.074598,2.933020,-1.095004,0.037568,3.0431,5.8265,2.0632,-0.8038,-0.1665,-0.2662,0.0000,0.0000,-2.0000,0.0000,0.0000,0.0000
9690.8011,2,1,0.107030,-0.657563,-0.074597,2.933021,-1.095004,0.037554,2.9870,5.4824,1.8005,-0.8385,-0.0885,-0.2234,0.0000,0.0000,-2.0000,0.0000,0.0000,0.0000
9690.8611,2,1,0.107025,-0.657569,-0.074592,2.933011,-1.095026,0.037564,3.1590,5.8266,2.1384,-0.8184,-0.1115,-0.3422,0.0000,0.0000,-2.0000,0.0000,0.0000,0.0000
9690.9210,2,1,0.107018,-0.657559,-0.074605,2.933034,-1.095036,0.037529,3.0175,5.2484,1.6389,-0.7379,-0.1405,-0.2804,0.0000,0.0000,-2.0000,0.0000,0.0000,0.0000
9690.9711,2,1,0.107011,-0.657562,-0.074607,2.933033,-1.095032,0.037532,2.5718,5.2516,1.7971,-0.7532,-0.1982,-0.2048,0.0000,0.0000,-2.0000,0.0000,0.0000,0.0000
9691.0310,2,1,0.107022,-0.657564,-0.074604,2.933029,-1.095021,0.037531,3.0242,5.4717,2.0343,-0.6971,-0.1794,-0.3088,0.0000,0.0000,-2.0000,0.0000,0.0000,0.0000
9691.0810,2,1,0.107013,-0.657564,-0.074600,2.933018,-1.095047,0.037552,2.7258,5.2941,2.1830,-0.7006,-0.2072,-0.2486,0.0000,0.0000,-2.0000,0.0000,0.0000,0.0000
9691.1311,2,1,0.107027,-0.657568,-0.074592,2.933017,-1.094994,0.037570,2.5370,5.5744,2.5285,-0.6120,-0.2176,-0.2168,0.0000,0.0000,-2.0000,0.0000,0.0000,0.0000
9691.1911,2,1,0.107032,-0.657564,-0.074597,2.933028,-1.094996,0.037560,2.8660,5.4964,1.6285,-0.7994,-0.1675,-0.1764,0.0000,0.0000,-2.0000,0.0000,0.0000,0.0000
9691.2510,2,1,0.107027,-0.657564,-0.074605,2.933031,-1.094999,0.037533,2.7526,5.7154,2.4827,-0.7239,-0.1307,-0.2803,0.0000,0.0000,-2.0000,0.0000,0.0000,0.0000
9691.3011,2,1,0.107021,-0.657560,-0.074605,2.933039,-1.095030,0.037533,2.9929,5.2741,1.7581,-0.7318,-0.1701,-0.2050,0.0000,0.0000,-2.0000,0.0000,0.0000,0.0000
9691.3611,2,1,0.107031,-0.657567,-0.074595,2.933025,-1.095001,0.037560,2.7977,5.7439,2.1237,-0.7126,-0.1978,-0.1892,0.0000,0.0000,-2.0000,0.0000,0.0000,0.0000
9691.4211,2,1,0.107028,-0.657571,-0.074593,2.933020,-1.094995,0.037573,3.0198,5.4052,1.9233,-0.7469,-0.2132,-0.1746,0.0000,0.0000,-2.0000,0.0000,0.0000,0.0000
9691.4808,2,1,0.107019,-0.657564,-0.074596,2.933034,-1.095020,0.037553,2.7826,5.4914,1.9922,-0.6682,-0.3085,-0.2760,0.0000,0.0000,-2.0000,0.0000,0.0000,0.0000
9691.5311,2,1,0.107015,-0.657564,-0.074601,2.933028,-1.095027,0.037546,2.6063,5.3012,1.9852,-0.7082,-0.2559,-0.2329,0.0000,0.0000,-2.0000,0.0000,0.0000,0.0000
9691.5811,2,1,0.107021,-0.657567,-0.074600,2.933031,-1.095025,0.037559,2.7564,5.8019,2.2235,-0.7035,-0.2790,-0.2922,0.0000,0.0000,-2.0000,0.0000,0.0000,0.0000
9691.6411,2,1,0.107021,-0.657560,-0.074612,2.933047,-1.095022,0.037544,2.9989,4.7510,1.5068,-0.6580,-0.2475,-0.2770,0.0000,0.0000,-2.0000,0.0000,0.0000,0.0000
9691.6912,2,1,0.107030,-0.657561,-0.074600,2.933045,-1.095005,0.037553,2.7592,5.3915,1.8845,-0.7206,-0.1429,-0.2501,0.0000,0.0000,-2.0000,0.0000,0.0000,0.0000
9691.7511,2,1,0.107032,-0.657569,-0.074593,2.933026,-1.094994,0.037591,3.1314,5.7441,1.4177,-0.9371,-0.1910,-0.2534,0.0000,0.0000,-2.0000,0.0000,0.0000,0.0000
9691.8011,2,1,0.107014,-0.657565,-0.074598,2.933020,-1.095027,0.037562,2.6867,5.9624,2.5677,-0.7462,-0.2627,-0.2634,0.0000,0.0000,-2.0000,0.0000,0.0000,0.0000
9691.8609,2,1,0.107026,-0.657563,-0.074591,2.933022,-1.095027,0.037570,2.7452,5.3555,1.7637,-0.7464,-0.1854,-0.1751,0.0000,0.0000,-2.0000,0.0000,0.0000,0.0000
9691.9111,2,1,0.107024,-0.657565,-0.074594,2.933024,-1.095010,0.037584,2.7097,5.6854,2.4474,-0.6951,-0.2369,-0.2180,0.0000,0.0000,-2.0000,0.0000,0.0000,0.0000
9691.9710,2,1,0.107021,-0.657563,-0.074595,2.933033,-1.095015,0.037561,2.7114,5.4251,1.8554,-0.7247,-0.1624,-0.1602,0.0000,0.0000,-2.0000,0.0000,0.0000,0.0000
9692.0308,2,1,0.107018,-0.657566,-0.074597,2.933015,-1.095025,0.037546,2.6298,4.9068,1.2779,-0.7558,-0.1910,-0.1751,0.0000,0.0000,-2.0000,0.0000,0.0000,0.0000
9692.0808,2,1,0.107032,-0.657560,-0.074602,2.933038,-1.094996,0.037545,2.7370,5.4005,2.0259,-0.7352,-0.1490,-0.2054,0.0000,0.0000,-2.0000,0.0000,0.0000,0.0000
9692.1408,2,1,0.107020,-0.657565,-0.074594,2.933024,-1.095025,0.037580,3.0412,5.6526,2.4317,-0.6154,-0.2500,-0.2462,0.0000,0.0000,-2.0000,0.0000,0.0000,0.0000
9692.1910,2,1,0.107030,-0.657559,-0.074609,2.933042,-1.095019,0.037545,2.9511,5.3742,1.4747,-0.7471,-0.1619,-0.2503,0.0000,0.0000,-2.0000,0.0000,0.0000,0.0000
9692.2511,2,1,0.107026,-0.657560,-0.074601,2.933036,-1.095025,0.037549,2.7236,5.7787,2.5894,-0.7010,-0.1367,-0.1751,0.0000,0.0000,-2.0000,0.0000,0.0000,0.0000
9692.3111,2,1,0.107023,-0.657563,-0.074600,2.933027,-1.095038,0.037544,2.8745,5.8411,1.9774,-0.8159,-0.1912,-0.2809,0.0000,0.0000,-2.0000,0.0000,0.0000,0.0000
9692.3611,2,1,0.107022,-0.657566,-0.074598,2.933022,-1.095027,0.037553,2.9609,5.6173,2.5053,-0.7228,-0.1235,-0.2206,0.0000,0.0000,-2.0000,0.0000,0.0000,0.0000
9692.4210,2,1,0.107028,-0.657563,-0.074596,2.933027,-1.095005,0.037561,2.9461,4.9642,1.9938,-0.6991,-0.1780,-0.2341,0.0000,0.0000,-2.0000,0.0000,0.0000,0.0000
9692.4711,2,1,0.107036,-0.657568,-0.074591,2.933016,-1.095005,0.037581,2.7320,5.3826,1.9639,-0.6717,-0.2409,-0.2624,0.0000,0.0000,-2.0000,0.0000,0.0000,0.0000
9692.5311,2,1,0.107027,-0.657563,-0.074604,2.933034,-1.095020,0.037548,2.7277,5.4367,1.7396,-0.7387,-0.2145,-0.2342,0.0000,0.0000,-2.0000,0.0000,0.0000,0.0000
9692.5911,2,1,0.107031,-0.657564,-0.074599,2.933024,-1.095009,0.037557,2.7494,5.1374,1.8783,-0.6528,-0.2106,-0.2476,0.0000,0.0000,-2.0000,0.0000,0.0000,0.0000
9692.6511,2,1,0.107041,-0.657560,-0.074609,2.933044,-1.094981,0.037531,2.8095,5.6599,2.0662,-0.7352,-0.2247,-0.2190,0.0000,0.0000,-2.0000,0.0000,0.0000,0.0000
9692.7111,2,1,0.107040,-0.657564,-0.074602,2.933036,-1.094988,0.037563,2.9679,5.2920,1.7558,-0.7318,-0.1402,-0.1906,0.0000,0.0000,-2.0000,0.0000,0.0000,0.0000
9692.7710,2,1,0.107029,-0.657565,-0.074597,2.933024,-1.094992,0.037546,3.0889,5.2588,2.0328,-0.7769,-0.1283,-0.2664,0.0000,0.0000,-2.0000,0.0000,0.0000,0.0000
9692.8210,2,1,0.107037,-0.657562,-0.074597,2.933034,-1.094995,0.037560,2.7395,5.6568,1.4454,-0.8203,-0.2805,-0.2345,0.0000,0.0000,-2.0000,0.0000,0.0000,0.0000
9692.8710,2,1,0.107031,-0.657570,-0.074594,2.933020,-1.094987,0.037558,2.7692,4.9086,1.8369,-0.6828,-0.2420,-0.1429,0.0000,0.0000,-2.0000,0.0000,0.0000,0.0000
9692.9211,2,1,0.107027,-0.657569,-0.074593,2.933018,-1.095003,0.037551,2.3499,5.7272,2.2601,-0.7133,-0.2537,-0.2031,0.0000,0.0000,-2.0000,0.0000,0.0000,0.0000
9692.9810,2,1,0.107012,-0.657561,-0.074601,2.933025,-1.095056,0.037531,3.0079,6.0416,1.7153,-0.8528,-0.3057,-0.2347,0.0000,0.0000,-2.0000,0.0000,0.0000,0.0000
9693.0310,2,1,0.107019,-0.657563,-0.074605,2.933035,-1.095037,0.037553,2.8766,5.1060,1.6322,-0.6976,-0.2743,-0.1725,0.0000,0.0000,-2.0000,0.0000,0.0000,0.0000
9693.0811,2,1,0.107023,-0.657566,-0.074594,2.933019,-1.095033,0.037577,2.5257,5.9522,2.0392,-0.7977,-0.1908,-0.2806,0.0000,0.0000,-2.0000,0.0000,0.0000,0.0000
9693.1410,2,1,0.107021,-0.657560,-0.074605,2.933040,-1.095019,0.037534,2.4630,5.7754,2.5792,-0.7033,-0.2327,-0.1584,0.0000,0.0000,-2.0000,0.0000,0.0000,0.0000
9693.1911,2,1,0.107026,-0.657562,-0.074604,2.933044,-1.095013,0.037525,2.8448,5.4395,2.5801,-0.6173,-0.1398,-0.2183,0.0000,0.0000,-2.0000,0.0000,0.0000,0.0000
9693.2411,2,1,0.107028,-0.657562,-0.074601,2.933033,-1.095001,0.037541,2.8580,5.0547,1.3206,-0.7949,-0.3313,-0.2481,0.0000,0.0000,-2.0000,0.0000,0.0000,0.0000
9693.3010,2,1,0.107027,-0.657561,-0.074603,2.933037,-1.095005,0.037540,3.0781,5.5673,1.6331,-0.8205,-0.1359,-0.4166,0.0000,0.0000,-2.0000,0.0000,0.0000,0.0000
9693.3511,2,1,0.107030,-0.657563,-0.074594,2.933027,-1.094979,0.037545,2.8958,6.3023,2.0031,-0.8663,-0.2335,-0.2512,0.0000,0.0000,-2.0000,0.0000,0.0000,0.0000
9693.4011,2,1,0.107031,-0.657562,-0.074596,2.933031,-1.095005,0.037543,2.3135,5.3975,2.6958,-0.5801,-0.1431,-0.1129,0.0000,0.0000,-2.0000,0.0000,0.0000,0.0000
9693.4610,2,1,0.107025,-0.657562,-0.074605,2.933037,-1.095022,0.037541,2.8269,5.8324,2.2493,-0.7677,-0.1490,-0.3107,0.0000,0.0000,-2.0000,0.0000,0.0000,0.0000
9693.5111,2,1,0.107030,-0.657564,-0.074595,2.933026,-1.095007,0.037574,3.1979,5.7392,2.3207,-0.6742,-0.0735,-0.2655,0.0000,0.0000,-2.0000,0.0000,0.0000,0.0000
9693.5711,2,1,0.107028,-0.657566,-0.074601,2.933038,-1.094994,0.037562,3.0580,4.9818,1.8995,-0.6508,-0.1478,-0.2787,0.0000,0.0000,-2.0000,0.0000,0.0000,0.0000
9693.6310,2,1,0.107022,-0.657560,-0.074606,2.933043,-1.095013,0.037529,2.8850,5.2070,1.4610,-0.7569,-0.2586,-0.1889,0.0000,0.0000,-2.0000,0.0000,0.0000,0.0000
9693.6811,2,1,0.107029,-0.657563,-0.074599,2.933027,-1.094999,0.037539,2.8133,5.5125,1.9761,-0.7710,-0.1166,-0.2366,0.0000,0.0000,-2.0000,0.0000,0.0000,0.0000
9693.7410,2,1,0.107022,-0.657561,-0.074596,2.933029,-1.095015,0.037558,2.9825,5.0528,1.4126,-0.7153,-0.1907,-0.1744,0.0000,0.0000,-2.0000,0.0000,0.0000,0.0000
9693.7910,2,1,0.107033,-0.657558,-0.074607,2.933051,-1.094990,0.037537,2.7944,5.5009,1.9610,-0.7883,-0.1243,-0.1919,0.0000,0.0000,-2.0000,0.0000,0.0000,0.0000
9693.8511,2,1,0.107028,-0.657563,-0.074600,2.933037,-1.095001,0.037553,2.5512,6.2467,2.4757,-0.7680,-0.2098,-0.2049,0.0000,0.0000,-2.0000,0.0000,0.0000,0.0000
9693.9111,2,1,0.107021,-0.657562,-0.074604,2.933027,-1.095022,0.037556,3.1212,4.4775,1.4287,-0.7039,-0.0696,-0.2661,0.0000,0.0000,-2.0000,0.0000,0.0000,0.0000
9693.9710,2,1,0.107033,-0.657556,-0.074614,2.933065,-1.094997,0.037523,3.0338,5.4365,2.2048,-0.7010,-0.0378,-0.3115,0.0000,0.0000,-2.0000,0.0000,0.0000,0.0000
9694.0311,2,1,0.107028,-0.657562,-0.074602,2.933041,-1.095001,0.037544,3.1720,5.0073,1.5004,-0.7462,-0.2150,-0.2941,0.0000,0.0000,-2.0000,0.0000,0.0000,0.0000
9694.0811,2,1,0.107029,-0.657560,-0.074605,2.933041,-1.095006,0.037532,2.7127,5.3882,2.1246,-0.7059,-0.1273,-0.2501,0.0000,0.0000,-2.0000,0.0000,0.0000,0.0000
9694.1411,2,1,0.107034,-0.657562,-0.074598,2.933045,-1.094990,0.037550,2.6567,4.5851,1.9647,-0.6268,-0.1548,-0.1585,0.0000,0.0000,-2.0000,0.0000,0.0000,0.0000
9694.2008,2,1,0.107033,-0.657565,-0.074589,2.933026,-1.094992,0.037571,2.8567,5.6566,1.5743,-0.8178,-0.2185,-0.2805,0.0000,0.0000,-2.0000,0.0000,0.0000,0.0000
9694.2511,2,1,0.107034,-0.657566,-0.074593,2.933021,-1.094999,0.037577,2.8903,4.5301,2.1554,-0.4676,-0.3272,-0.1822,0.0000,0.0000,-2.0000,0.0000,0.0000,0.0000
9694.3110,2,1,0.107026,-0.657567,-0.074595,2.933012,-1.095017,0.037564,2.4799,6.5411,2.4749,-0.8560,-0.2061,-0.2515,0.0000,0.0000,-2.0000,0.0000,0.0000,0.0000
9694.3611,2,1,0.107026,-0.657564,-0.074598,2.933027,-1.095019,0.037568,2.9219,4.3605,1.2852,-0.6430,-0.2522,-0.2467,0.0000,0.0000,-2.0000,0.0000,0.0000,0.0000
9694.4211,2,1,0.107021,-0.657564,-0.074596,2.933022,-1.095013,0.037561,2.6662,4.5025,1.6110,-0.6099,-0.2160,-0.1869,0.0000,0.0000,-2.0000,0.0000,0.0000,0.0000
9694.4810,2,1,0.107027,-0.657557,-0.074603,2.933053,-1.094993,0.037542,2.3745,5.5533,2.6989,-0.5644,-0.2368,-0.2006,0.0000,0.0000,-2.0000,0.0000,0.0000,0.0000
9694.5311,2,1,0.107024,-0.657565,-0.074597,2.933025,-1.095004,0.037554,3.0209,5.0981,1.9532,-0.7493,-0.2119,-0.2046,0.0000,0.0000,-2.0000,0.0000,0.0000,0.0000
9694.5911,2,1,0.107019,-0.657567,-0.074593,2.933019,-1.095014,0.037560,2.7039,4.8671,1.3204,-0.7432,-0.2590,-0.1886,0.0000,0.0000,-2.0000,0.0000,0.0000,0.0000
9694.6510,2,1,0.107022,-0.657565,-0.074597,2.933033,-1.095003,0.037551,2.8468,5.3235,1.7677,-0.7023,-0.2050,-0.1141,0.0000,0.0000,-2.0000,0.0000,0.0000,0.0000
9694.7108,2,1,0.107034,-0.657561,-0.074599,2.933041,-1.095002,0.037560,2.7006,5.7530,2.3180,-0.6892,-0.2166,-0.1884,0.0000,0.0000,-2.0000,0.0000,0.0000,0.0000
9694.7611,2,1,0.107032,-0.657559,-0.074599,2.933051,-1.094996,0.037559,3.0787,5.1213,2.0008,-0.5930,-0.2300,-0.2761,0.0000,0.0000,-2.0000,0.0000,0.0000,0.0000
9694.8210,2,1,0.107022,-0.657559,-0.074606,2.933041,-1.095004,0.037529,2.6015,5.6372,2.0489,-0.7433,-0.1907,-0.2347,0.0000,0.0000,-2.0000,0.0000,0.0000,0.0000
9694.8711,2,1,0.107026,-0.657560,-0.074606,2.933044,-1.095018,0.037539,2.9397,4.8340,2.1913,-0.5948,-0.1167,-0.2782,0.0000,0.0000,-2.0000,0.0000,0.0000,0.0000
9694.9312,2,1,0.107026,-0.657560,-0.074604,2.933044,-1.095007,0.037551,2.6893,5.9816,2.1940,-0.7256,-0.1580,-0.2051,0.0000,0.0000,-2.0000,0.0000,0.0000,0.0000
9694.9813,2,1,0.107031,-0.657562,-0.074603,2.933048,-1.094998,0.037563,3.0053,4.8910,1.6900,-0.6754,-0.1501,-0.2342,0.0000,0.0000,-2.0000,0.0000,0.0000,0.0000
9695.0411,2,1,0.107031,-0.657557,-0.074605,2.933055,-1.094985,0.037542,2.6107,5.8381,2.3500,-0.7079,-0.2172,-0.2934,0.0000,0.0000,-2.0000,0.0000,0.0000,0.0000
9695.1010,2,1,0.107025,-0.657561,-0.074602,2.933031,-1.095008,0.037552,2.8864,5.1846,2.0274,-0.6315,-0.1516,-0.2184,0.0000,0.0000,-2.0000,0.0000,0.0000,0.0000
9695.1610,2,1,0.107032,-0.657554,-0.074613,2.933063,-1.094994,0.037518,2.6944,5.0872,1.6682,-0.7613,-0.2085,-0.1749,0.0000,0.0000,-2.0000,0.0000,0.0000,0.0000
9695.2110,2,1,0.107024,-0.657558,-0.074609,2.933044,-1.095017,0.037530,2.4815,5.8157,2.1163,-0.7976,-0.2471,-0.1749,0.0000,0.0000,-2.0000,0.0000,0.0000,0.0000
9695.2611,2,1,0.107023,-0.657564,-0.074595,2.933013,-1.095008,0.037550,2.8774,5.9841,2.2147,-0.7874,-0.1574,-0.2362,0.0000,0.0000,-2.0000,0.0000,0.0000,0.0000
9695.3208,2,1,0.107025,-0.657562,-0.074601,2.933027,-1.095010,0.037537,2.9073,4.7748,1.4682,-0.7422,-0.2694,-0.1884,0.0000,0.0000,-2.0000,0.0000,0.0000,0.0000
9695.3711,2,1,0.107034,-0.657564,-0.074598,2.933027,-1.094984,0.037564,2.8193,5.7068,2.3619,-0.6512,-0.2720,-0.2614,0.0000,0.0000,-2.0000,0.0000,0.0000,0.0000
9695.4211,2,1,0.107033,-0.657568,-0.074589,2.933023,-1.094976,0.037568,2.8955,4.2618,1.7710,-0.5923,-0.1443,-0.1879,0.0000,0.0000,-2.0000,0.0000,0.0000,0.0000
9695.4810,2,1,0.107032,-0.657568,-0.074598,2.933025,-1.094997,0.037569,2.8669,6.1948,2.2897,-0.7908,-0.1192,-0.2519,0.0000,0.0000,-2.0000,0.0000,0.0000,0.0000
9695.5311,2,1,0.107030,-0.657569,-0.074599,2.933011,-1.095013,0.037555,2.7849,5.2274,1.8395,-0.7646,-0.1631,-0.2805,0.0000,0.0000,-2.0000,0.0000,0.0000,0.0000
9695.5909,2,1,0.107035,-0.657568,-0.074598,2.933029,-1.094972,0.037560,2.7445,5.6210,2.3277,-0.6587,-0.2066,-0.2029,0.0000,0.0000,-2.0000,0.0000,0.0000,0.0000
9695.6410,2,1,0.107020,-0.657561,-0.074599,2.933028,-1.095024,0.037541,2.7525,5.1560,1.7772,-0.6989,-0.1767,-0.1893,0.0000,0.0000,-2.0000,0.0000,0.0000,0.0000
9695.7009,2,1,0.107017,-0.657558,-0.074601,2.933033,-1.095022,0.037530,2.8874,6.2348,2.3705,-0.8194,-0.1239,-0.2075,0.0000,0.0000,-2.0000,0.0000,0.0000,0.0000
9695.7511,2,1,0.107019,-0.657564,-0.074599,2.933018,-1.095024,0.037536,2.7102,5.5450,1.8153,-0.7047,-0.1682,-0.2344,0.0000,0.0000,-2.0000,0.0000,0.0000,0.0000
9695.8111,2,1,0.107024,-0.657562,-0.074602,2.933024,-1.095015,0.037532,2.8419,5.6014,2.2260,-0.7028,-0.2589,-0.2028,0.0000,0.0000,-2.0000,0.0000,0.0000,0.0000
9695.8708,2,1,0.107027,-0.657569,-0.074596,2.933017,-1.095011,0.037549,2.7956,5.7866,2.0981,-0.8132,-0.1364,-0.1922,0.0000,0.0000,-2.0000,0.0000,0.0000,0.0000
9695.9208,2,1,0.107024,-0.657567,-0.074598,2.933029,-1.095013,0.037553,2.7275,5.6156,1.8702,-0.7952,-0.1778,-0.1911,0.0000,0.0000,-2.0000,0.0000,0.0000,0.0000
9695.9711,2,1,0.107020,-0.657564,-0.074597,2.933021,-1.095028,0.037564,2.9529,5.5032,2.1019,-0.7068,-0.2511,-0.2030,0.0000,0.0000,-2.0000,0.0000,0.0000,0.0000
9696.0211,2,1,0.107024,-0.657564,-0.074600,2.933034,-1.095021,0.037552,2.7545,5.5782,1.8410,-0.7722,-0.2161,-0.2049,0.0000,0.0000,-2.0000,0.0000,0.0000,0.0000
9696.0810,2,1,0.107026,-0.657563,-0.074595,2.933033,-1.095022,0.037570,3.0588,5.5723,2.0902,-0.7279,-0.1961,-0.2493,0.0000,0.0000,-2.0000,0.0000,0.0000,0.0000
9696.1310,2,1,0.107022,-0.657565,-0.074601,2.933025,-1.095020,0.037547,2.6592,4.9870,2.2541,-0.6312,-0.1083,-0.2341,0.0000,0.0000,-2.0000,0.0000,0.0000,0.0000
9696.1910,2,1,0.107020,-0.657565,-0.074596,2.933016,-1.095030,0.037564,2.7895,5.3625,1.7958,-0.7916,-0.1811,-0.2358,0.0000,0.0000,-2.0000,0.0000,0.0000,0.0000
9696.2411,2,1,0.107028,-0.657563,-0.074599,2.933036,-1.095011,0.037563,2.8643,5.0266,1.9206,-0.6716,-0.1443,-0.2492,0.0000,0.0000,-2.0000,0.0000,0.0000,0.0000
9696.3011,2,1,0.107033,-0.657561,-0.074599,2.933040,-1.094990,0.037558,2.7489,5.3142,1.9099,-0.6919,-0.1839,-0.2040,0.0000,0.0000,-2.0000,0.0000,0.0000,0.0000
9696.3610,2,1,0.107025,-0.657564,-0.074598,2.933031,-1.094998,0.037556,2.6460,5.2256,1.7352,-0.7093,-0.2063,-0.1889,0.0000,0.0000,-2.0000,0.0000,0.0000,0.0000
9696.4111,2,1,0.107028,-0.657562,-0.074598,2.933038,-1.094995,0.037534,2.7370,5.6648,2.1095,-0.6396,-0.2620,-0.1717,0.0000,0.0000,-2.0000,0.0000,0.0000,0.0000
9696.4612,2,1,0.107031,-0.657565,-0.074598,2.933035,-1.094995,0.037540,2.7573,5.7170,1.9377,-0.8608,-0.2095,-0.2216,0.0000,0.0000,-2.0000,0.0000,0.0000,0.0000
9696.5210,2,1,0.107024,-0.657569,-0.074595,2.933010,-1.095003,0.037570,2.7403,4.9493,1.6629,-0.7317,-0.2140,-0.1593,0.0000,0.0000,-2.0000,0.0000,0.0000,0.0000
9696.5711,2,1,0.107015,-0.657564,-0.074605,2.933025,-1.095011,0.037539,2.9790,4.7803,1.3596,-0.7403,-0.1807,-0.2050,0.0000,0.0000,-2.0000,0.0000,0.0000,0.0000
9696.6211,2,1,0.107022,-0.657566,-0.074602,2.933032,-1.095007,0.037548,2.8532,5.4152,2.5958,-0.6337,-0.1124,-0.1594,0.0000,0.0000,-2.0000,0.0000,0.0000,0.0000
9696.6811,2,1,0.107021,-0.657565,-0.074601,2.933031,-1.095009,0.037545,2.6881,5.2546,1.9836,-0.6534,-0.2268,-0.1576,0.0000,0.0000,-2.0000,0.0000,0.0000,0.0000
9696.7311,2,1,0.107022,-0.657562,-0.074600,2.933038,-1.095017,0.037549,2.8594,5.0444,1.9283,-0.6760,-0.1623,-0.2788,0.0000,0.0000,-2.0000,0.0000,0.0000,0.0000
9696.7910,2,1,0.107020,-0.657562,-0.074600,2.933033,-1.095027,0.037555,2.4527,6.3950,2.6986,-0.6909,-0.2988,-0.1869,0.0000,0.0000,-2.0000,0.0000,0.0000,0.0000
9696.8511,2,1,0.107011,-0.657565,-0.074604,2.933030,-1.095046,0.037546,2.8625,5.5390,1.5593,-0.8923,-0.1512,-0.1785,0.0000,0.0000,-2.0000,0.0000,0.0000,0.0000
9696.9011,2,1,0.107024,-0.657569,-0.074589,2.933011,-1.095012,0.037576,2.8212,5.8569,2.4170,-0.7445,-0.1879,-0.3096,0.0000,0.0000,-2.0000,0.0000,0.0000,0.0000
9696.9611,2,1,0.107026,-0.657567,-0.074593,2.933023,-1.095013,0.037578,2.9682,5.5663,1.9518,-0.7785,-0.1460,-0.2512,0.0000,0.0000,-2.5000,0.0000,0.0000,0.0000
9697.0111,2,1,0.107021,-0.657567,-0.074597,2.933022,-1.095024,0.037565,2.9637,5.4560,2.0925,-0.7911,-0.2180,-0.2052,0.0000,0.0000,-2.5000,0.0000,0.0000,0.0000
9697.0710,2,1,0.107024,-0.657567,-0.074598,2.933022,-1.095015,0.037557,2.6983,5.9031,2.3755,-0.7313,-0.2264,-0.2338,0.0000,0.0000,-2.5000,0.0000,0.0000,0.0000
9697.1210,2,1,0.107029,-0.657564,-0.074601,2.933038,-1.094990,0.037553,3.0369,4.9953,2.0922,-0.6230,-0.1061,-0.2041,0.0000,0.0000,-2.5000,0.0000,0.0000,0.0000
9697.1711,2,1,0.107022,-0.657565,-0.074601,2.933029,-1.095024,0.037551,2.8519,4.8242,2.0976,-0.5926,-0.1878,-0.1572,0.0000,0.0000,-2.5000,0.0000,0.0000,0.0000
9697.2310,2,1,0.107028,-0.657566,-0.074599,2.933029,-1.095001,0.037580,2.6907,5.9648,2.7756,-0.7191,-0.1244,-0.2355,0.0000,0.0000,-2.5000,0.0000,0.0000,0.0000
9697.2811,2,1,0.107032,-0.657563,-0.074600,2.933033,-1.095001,0.037569,2.5012,5.6710,1.9451,-0.7399,-0.2005,-0.2345,0.0000,0.0000,-2.5000,0.0000,0.0000,0.0000
9697.3409,2,1,0.107030,-0.657568,-0.074593,2.933028,-1.094995,0.037565,2.7512,5.4050,2.6030,-0.5768,-0.1400,-0.2774,0.0000,0.0000,-2.5000,0.0000,0.0000,0.0000
9697.4008,2,1,0.107022,-0.657563,-0.074605,2.933033,-1.095020,0.037550,2.9734,5.4879,2.2841,-0.6396,-0.2741,-0.2462,0.0000,0.0000,-2.5000,0.0000,0.0000,0.0000
9697.4508,2,1,0.107023,-0.657562,-0.074607,2.933030,-1.095008,0.037540,2.8011,5.1135,2.3262,-0.5802,-0.2412,-0.1859,0.0000,0.0000,-2.5000,0.0000,0.0000,0.0000
9697.5011,2,1,0.107027,-0.657565,-0.074596,2.933033,-1.094991,0.037555,2.8973,5.7211,2.8422,-0.6216,-0.1210,-0.1590,0.0000,0.0000,-2.5000,0.0000,0.0000,0.0000
9697.5611,2,1,0.107021,-0.657562,-0.074604,2.933030,-1.095016,0.037546,2.5092,5.6216,2.2324,-0.7977,-0.2064,-0.2653,0.0000,0.0000,-2.5000,0.0000,0.0000,0.0000
9697.6111,2,1,0.107021,-0.657561,-0.074606,2.933049,-1.095007,0.037545,2.4221,5.7043,2.5004,-0.6095,-0.2093,-0.2169,0.0000,0.0000,-2.5000,0.0000,0.0000,0.0000
9697.6710,2,1,0.107025,-0.657566,-0.074601,2.933030,-1.095005,0.037555,2.8733,6.2677,2.5185,-0.7233,-0.2816,-0.2327,0.0000,0.0000,-2.5000,0.0000,0.0000,0.0000
9697.7211,2,1,0.107029,-0.657561,-0.074604,2.933044,-1.094991,0.037543,3.0355,5.3169,1.9213,-0.7034,-0.0574,-0.2065,0.0000,0.0000,-2.5000,0.0000,0.0000,0.0000
9697.7711,2,1,0.107024,-0.657558,-0.074602,2.933055,-1.095006,0.037544,3.0063,6.0468,2.9092,-0.6511,-0.0587,-0.2653,0.0000,0.0000,-2.5000,0.0000,0.0000,0.0000
9697.8311,2,1,0.107028,-0.657560,-0.074599,2.933038,-1.095015,0.037560,2.7215,5.9367,2.8941,-0.6340,-0.1057,-0.1595,0.0000,0.0000,-2.5000,0.0000,0.0000,0.0000
9697.8910,2,1,0.107026,-0.657556,-0.074608,2.933051,-1.095010,0.037512,2.7819,5.0956,2.5535,-0.5588,-0.2671,-0.1401,0.0000,0.0000,-3.0000,0.0000,0.0000,0.0000
9697.9411,2,1,0.107029,-0.657558,-0.074601,2.933037,-1.094994,0.037542,2.4875,5.5842,2.3893,-0.6771,-0.2471,-0.2474,0.0000,0.0000,-3.0000,0.0000,0.0000,0.0000
9697.9911,2,1,0.107022,-0.657560,-0.074603,2.933036,-1.095027,0.037550,2.8786,5.8504,2.4204,-0.6694,-0.1503,-0.1294,0.0000,0.0000,-3.0000,0.0000,0.0000,0.0000
9698.0511,2,1,0.107020,-0.657564,-0.074601,2.933023,-1.095024,0.037533,2.8230,5.7113,2.7525,-0.5911,-0.1845,-0.2021,0.0000,0.0000,-3.0000,0.0000,0.0000,0.0000
9698.1110,2,1,0.107036,-0.657561,-0.074603,2.933040,-1.094981,0.037540,2.9284,5.5296,2.5277,-0.6519,-0.0896,-0.1900,0.0000,0.0000,-3.0000,0.0000,0.0000,0.0000
9698.1611,2,1,0.107024,-0.657565,-0.074602,2.933034,-1.095021,0.037553,3.0091,5.8755,2.9200,-0.5724,-0.0536,-0.2490,0.0000,0.0000,-3.0000,0.0000,0.0000,0.0000
9698.2111,2,1,0.107024,-0.657569,-0.074595,2.933007,-1.095035,0.037565,2.9739,6.1111,2.8646,-0.6636,-0.0951,-0.2200,0.0000,0.0000,-3.0000,0.0000,0.0000,0.0000
9698.2710,2,1,0.107029,-0.657568,-0.074591,2.933009,-1.095006,0.037554,2.7236,6.4940,2.3158,-0.8455,-0.0651,-0.3137,0.0000,0.0000,-3.0000,0.0000,0.0000,0.0000
9698.3211,2,1,0.107022,-0.657566,-0.074601,2.933018,-1.095027,0.037546,2.8543,5.8520,2.5604,-0.6639,-0.1355,-0.1445,0.0000,0.0000,-3.5000,0.0000,0.0000,0.0000
9698.3811,2,1,0.107018,-0.657569,-0.074604,2.933029,-1.095037,0.037554,2.7609,7.1114,3.9592,-0.5416,-0.1439,-0.1870,0.0000,0.0000,-3.5000,0.0000,0.0000,0.0000
9698.4411,2,1,0.107024,-0.657567,-0.074597,2.933022,-1.095010,0.037562,3.0325,6.2023,3.1683,-0.6440,-0.0127,-0.2062,0.0000,0.0000,-3.5000,0.0000,0.0000,0.0000
9698.5011,2,1,0.107026,-0.657570,-0.074593,2.933007,-1.095015,0.037578,2.6431,6.3609,2.9750,-0.6453,-0.3248,-0.2155,0.0000,0.0000,-4.0000,0.0000,0.0000,0.0000
9698.5611,2,1,0.107035,-0.657567,-0.074589,2.933024,-1.094974,0.037583,2.3855,6.0447,3.1097,-0.5627,-0.3543,-0.1984,0.0000,0.0000,-4.0000,0.0000,0.0000,0.0000
9698.6111,2,1,0.107032,-0.657566,-0.074597,2.933023,-1.094992,0.037555,2.4577,6.9561,4.0042,-0.6324,-0.0933,-0.2195,0.0000,0.0000,-4.0000,0.0000,0.0000,0.0000
9698.6710,2,1,0.107023,-0.657563,-0.074599,2.933027,-1.095032,0.037576,2.7375,6.5033,3.5945,-0.5816,-0.1266,-0.2927,0.0000,0.0000,-4.0000,0.0000,0.0000,0.0000
9698.7211,2,1,0.107024,-0.657564,-0.074599,2.933024,-1.094998,0.037549,3.2352,5.3311,3.1956,-0.4154,-0.0414,-0.2463,0.0000,0.0000,-4.5000,0.0000,0.0000,0.0000
9698.7810,2,1,0.107034,-0.657560,-0.074604,2.933044,-1.094989,0.037552,2.8224,6.5839,4.4493,-0.4399,-0.0276,-0.2021,0.0000,0.0000,-4.5000,0.0000,0.0000,0.0000
9698.8311,2,1,0.107033,-0.657559,-0.074605,2.933041,-1.094994,0.037542,2.7522,6.4065,3.8682,-0.4199,-0.1179,-0.2300,0.0000,0.0000,-4.5000,0.0000,0.0000,0.0000
9698.8811,2,1,0.107033,-0.657560,-0.074609,2.933058,-1.094994,0.037533,2.3989,6.1161,3.8450,-0.3966,-0.2271,-0.1528,0.0000,0.0000,-4.5000,0.0000,0.0000,0.0000
9698.9410,2,1,0.107029,-0.657563,-0.074607,2.933037,-1.094983,0.037546,2.5799,6.4782,3.5938,-0.5630,-0.1361,-0.2174,0.0000,0.0000,-5.0000,0.0000,0.0000,0.0000
9698.9911,2,1,0.107029,-0.657566,-0.074601,2.933021,-1.094993,0.037545,2.4859,6.6331,4.0726,-0.5248,-0.1123,-0.1722,0.0000,0.0000,-5.0000,0.0000,0.0000,0.0000
9699.0510,2,1,0.107024,-0.657564,-0.074603,2.933036,-1.095024,0.037561,2.8548,6.5077,4.2053,-0.4046,0.0310,-0.2773,0.0000,0.0000,-5.0000,0.0000,0.0000,0.0000
9699.1010,2,1,0.107027,-0.657560,-0.074607,2.933044,-1.095020,0.037546,2.5833,6.2812,3.9382,-0.4692,-0.1904,-0.2296,0.0000,0.0000,-5.5000,0.0000,0.0000,0.0000
9699.1510,2,1,0.107023,-0.657567,-0.074599,2.933023,-1.095013,0.037555,2.2897,6.6489,4.8772,-0.4172,-0.0643,-0.2309,0.0000,0.0000,-5.5000,0.0000,0.0000,0.0000
9699.2111,2,1,0.107025,-0.657567,-0.074597,2.933011,-1.095023,0.037569,2.8036,5.8148,4.4643,-0.3299,0.0545,-0.2315,0.0000,0.0000,-5.5000,0.0000,0.0000,0.0000
9699.2711,2,1,0.107018,-0.657568,-0.074599,2.933011,-1.095011,0.037559,2.6177,6.6483,4.5785,-0.3978,-0.0657,-0.2604,0.0000,0.0000,-6.0000,0.0000,0.0000,0.0000
9699.3211,2,1,0.107029,-0.657563,-0.074599,2.933038,-1.094998,0.037557,2.6306,7.3025,5.6141,-0.2613,0.0442,-0.2150,0.0000,0.0000,-6.0000,0.0000,0.0000,0.0000
9699.3810,2,1,0.107031,-0.657560,-0.074604,2.933049,-1.094990,0.037534,2.4290,7.1366,5.0827,-0.3937,0.1088,-0.1888,0.0000,0.0000,-6.0000,0.0000,0.0000,0.0000
9699.4311,2,1,0.107026,-0.657563,-0.074601,2.933032,-1.094989,0.037552,2.2502,7.0744,4.5832,-0.4549,0.0328,-0.1886,0.0000,0.0000,-6.5000,0.0000,0.0000,0.0000
9699.4911,2,1,0.107023,-0.657563,-0.074607,2.933032,-1.095019,0.037562,2.1632,7.4044,5.9969,-0.2017,0.0445,-0.2289,0.0000,0.0000,-6.5000,0.0000,0.0000,0.0000
9699.5510,2,1,0.107034,-0.657560,-0.074606,2.933049,-1.094987,0.037558,2.4092,6.9214,5.3919,-0.2187,0.0184,-0.1839,0.0000,0.0000,-6.5000,0.0000,0.0000,0.0000
9699.6010,2,1,0.107028,-0.657557,-0.074611,2.933039,-1.095015,0.037532,2.5262,7.3432,5.6931,-0.2592,-0.0281,-0.2436,0.0000,0.0000,-7.0000,0.0000,0.0000,0.0000
9699.6511,2,1,0.107025,-0.657563,-0.074612,2.933027,-1.095015,0.037526,2.3668,8.3623,5.9890,-0.3869,0.0163,-0.2169,0.0000,0.0000,-7.0000,0.0000,0.0000,0.0000
9699.7011,2,1,0.107029,-0.657561,-0.074610,2.933030,-1.095013,0.037541,2.6526,8.3287,6.1703,-0.3072,-0.0017,-0.2151,0.0000,0.0000,-7.0000,0.0000,0.0000,0.0000
9699.7511,2,1,0.107035,-0.657559,-0.074611,2.933046,-1.094987,0.037542,2.7176,7.4592,6.4225,-0.1451,0.1179,-0.2890,0.0000,0.0000,-7.5000,0.0000,0.0000,0.0000
9699.8110,2,1,0.107022,-0.657562,-0.074605,2.933027,-1.095015,0.037544,2.3082,8.3025,5.9114,-0.3564,0.0346,-0.1718,0.0000,0.0000,-7.5000,0.0000,0.0000,0.0000
9699.8611,2,1,0.107025,-0.657563,-0.074608,2.933031,-1.095017,0.037573,2.2400,7.9837,6.3438,-0.2528,0.0338,-0.1549,0.0000,0.0000,-7.5000,0.0000,0.0000,0.0000
9699.9111,2,1,0.107030,-0.657563,-0.074610,2.933032,-1.095010,0.037557,2.1307,8.0651,6.4971,-0.2515,0.1180,-0.2162,0.0000,0.0000,-8.0000,0.0000,0.0000,0.0000
9699.9611,2,1,0.107031,-0.657563,-0.074610,2.933035,-1.095002,0.037571,2.3938,8.1404,7.1827,-0.1402,0.0661,-0.2730,0.0000,0.0000,-8.0000,0.0000,0.0000,0.0000
9700.0208,2,1,0.107022,-0.657562,-0.074616,2.933040,-1.095011,0.037564,2.5287,7.7766,6.4127,-0.1721,0.1183,-0.2297,0.0000,0.0000,-8.0000,0.0000,0.0000,0.0000
9700.0708,2,1,0.107020,-0.657560,-0.074622,2.933038,-1.095018,0.037533,2.3870,7.7395,6.9331,-0.0698,-0.0058,-0.2255,0.0000,0.0000,-8.5000,0.0000,0.0000,0.0000
9700.1209,2,1,0.107026,-0.657559,-0.074621,2.933034,-1.094998,0.037543,2.5926,8.1102,6.9800,-0.1591,0.1155,-0.2144,0.0000,0.0000,-8.5000,0.0000,0.0000,0.0000
9700.1711,2,1,0.107026,-0.657558,-0.074624,2.933037,-1.095007,0.037541,2.4246,8.8573,7.5254,-0.1330,0.1030,-0.1838,0.0000,0.0000,-8.5000,0.0000,0.0000,0.0000
9700.2211,2,1,0.107038,-0.657559,-0.074623,2.933054,-1.094998,0.037564,2.0490,8.2693,7.1548,-0.1936,0.1389,-0.2155,0.0000,0.0000,-8.5000,0.0000,0.0000,0.0000
9700.2811,2,1,0.107034,-0.657559,-0.074629,2.933047,-1.095007,0.037559,2.2394,8.5502,7.8251,-0.0637,0.1273,-0.1530,0.0000,0.0000,-9.0000,0.0000,0.0000,0.0000
9700.3410,2,1,0.107034,-0.657569,-0.074614,2.933018,-1.094996,0.037586,2.5672,8.8285,7.5345,-0.1934,0.0979,-0.2746,0.0000,0.0000,-9.0000,0.0000,0.0000,0.0000
9700.3911,2,1,0.107026,-0.657566,-0.074613,2.933015,-1.095000,0.037590,2.3935,8.7302,8.3828,0.0077,0.1466,-0.2119,0.0000,0.0000,-9.5000,0.0000,0.0000,0.0000
9700.4511,2,1,0.107021,-0.657565,-0.074627,2.933020,-1.095020,0.037558,2.3006,9.1472,8.3691,0.0037,0.1817,-0.2574,0.0000,0.0000,-9.5000,0.0000,0.0000,0.0000
9700.5110,2,1,0.107022,-0.657566,-0.074627,2.933020,-1.095009,0.037564,2.5898,9.1446,7.9790,-0.1835,0.2451,-0.2920,0.0000,0.0000,-9.5000,0.0000,0.0000,0.0000
9700.5611,2,1,0.107024,-0.657565,-0.074624,2.933025,-1.095006,0.037574,2.4126,9.0968,8.2540,-0.0267,0.2938,-0.1704,0.0000,0.0000,-10.0000,0.0000,0.0000,0.0000
9700.6210,2,1,0.107021,-0.657567,-0.074621,2.933019,-1.095020,0.037601,1.8729,9.7558,9.0157,0.0073,0.1915,-0.2277,0.0000,0.0000,-10.0000,0.0000,0.0000,0.0000
9700.6711,2,1,0.107023,-0.657561,-0.074634,2.933039,-1.095014,0.037566,2.1830,8.5723,8.2755,0.1174,0.1824,-0.1806,0.0000,0.0000,-10.0000,0.0000,0.0000,0.0000
9700.7212,2,1,0.107016,-0.657564,-0.074633,2.933021,-1.095021,0.037573,2.1618,8.8338,8.3310,0.0036,0.0107,-0.1945,0.0000,0.0000,-10.5000,0.0000,0.0000,0.0000
9700.7811,2,1,0.107021,-0.657562,-0.074640,2.933032,-1.095025,0.037555,2.1754,9.7754,9.3296,0.0808,0.2544,-0.2424,0.0000,0.0000,-10.5000,0.0000,0.0000,0.0000
9700.8408,2,1,0.107029,-0.657564,-0.074637,2.933022,-1.094974,0.037541,2.1435,9.9726,9.2554,0.0533,0.2961,-0.2736,0.0000,0.0000,-10.5000,0.0000,0.0000,0.0000
9700.8908,2,1,0.107018,-0.657563,-0.074646,2.933022,-1.095038,0.037526,2.0562,9.9335,9.5935,0.0750,0.2586,-0.2425,0.0000,0.0000,-10.5000,0.0000,0.0000,0.0000
9700.9411,2,1,0.107031,-0.657562,-0.074641,2.933045,-1.094991,0.037555,2.1032,10.2079,10.0602,0.2107,0.2621,-0.2102,0.0000,0.0000,-10.5000,0.0000,0.0000,0.0000
9700.9911,2,1,0.107032,-0.657561,-0.074644,2.933051,-1.094992,0.037559,2.3127,9.6609,9.0559,0.0605,0.2898,-0.2584,0.0000,0.0000,-10.5000,0.0000,0.0000,0.0000
9701.0511,2,1,0.107027,-0.657559,-0.074644,2.933043,-1.095015,0.037548,1.8065,9.8548,10.3408,0.2444,0.2081,-0.1637,0.0000,0.0000,-10.5000,0.0000,0.0000,0.0000
9701.1111,2,1,0.107028,-0.657566,-0.074638,2.933022,-1.095007,0.037571,2.0162,10.0432,9.6023,0.1220,0.2313,-0.1664,0.0000,0.0000,-10.5000,0.0000,0.0000,0.0000
9701.1611,2,1,0.107019,-0.657560,-0.074642,2.933039,-1.095021,0.037551,1.4661,10.1780,10.4305,0.2901,0.0694,-0.1603,0.0000,0.0000,-10.0000,0.0000,0.0000,0.0000
9701.2210,2,1,0.107022,-0.657561,-0.074642,2.933032,-1.095011,0.037547,2.2516,10.6330,9.2827,-0.0869,0.2231,-0.2599,0.0000,0.0000,-10.0000,0.0000,0.0000,0.0000
9701.2711,2,1,0.107019,-0.657556,-0.074654,2.933044,-1.095015,0.037527,1.6964,10.5643,9.6541,-0.0879,0.1532,-0.2287,0.0000,0.0000,-10.0000,0.0000,0.0000,0.0000
9701.3310,2,1,0.107023,-0.657562,-0.074645,2.933039,-1.095003,0.037549,2.0699,10.6061,9.0823,-0.0889,0.2002,-0.1997,0.0000,0.0000,-10.0000,0.0000,0.0000,0.0000
9701.3811,2,1,0.107027,-0.657556,-0.074648,2.933051,-1.094999,0.037547,2.0692,10.2953,9.8169,0.0729,0.2130,-0.1969,0.0000,0.0000,-10.0000,0.0000,0.0000,0.0000
9701.4410,2,1,0.107037,-0.657559,-0.074647,2.933053,-1.094958,0.037549,1.9500,10.4525,9.8075,0.0539,0.2931,-0.2286,0.0000,0.0000,-10.0000,0.0000,0.0000,0.0000
9701.4911,2,1,0.107031,-0.657556,-0.074648,2.933062,-1.094981,0.037553,2.0665,10.8685,10.1476,0.0658,0.2650,-0.2877,0.0000,0.0000,-10.0000,0.0000,0.0000,0.0000
9701.5411,2,1,0.107033,-0.657561,-0.074637,2.933030,-1.094976,0.037555,2.0696,10.1643,9.5197,0.0364,0.1952,-0.1524,0.0000,0.0000,-10.0000,0.0000,0.0000,0.0000
9701.6010,2,1,0.107031,-0.657564,-0.074635,2.933023,-1.095009,0.037561,1.9488,10.6103,9.8697,-0.0093,0.2931,-0.2448,0.0000,0.0000,-10.0000,0.0000,0.0000,0.0000
9701.6510,2,1,0.107025,-0.657566,-0.074636,2.933022,-1.095015,0.037565,1.8131,10.8365,10.1691,0.1089,0.1861,-0.2107,0.0000,0.0000,-10.0000,0.0000,0.0000,0.0000
9701.7111,2,1,0.107030,-0.657560,-0.074652,2.933050,-1.095001,0.037563,1.8100,10.8794,9.8070,0.0228,0.1733,-0.1822,0.0000,0.0000,-10.0000,0.0000,0.0000,0.0000
9701.7611,2,1,0.107027,-0.657559,-0.074654,2.933051,-1.095016,0.037547,1.7236,10.4026,10.0230,0.1748,0.2766,-0.1364,0.0000,0.0000,-9.5000,0.0000,0.0000,0.0000
9701.8210,2,1,0.107027,-0.657563,-0.074644,2.933033,-1.095021,0.037551,2.1067,10.7469,9.5492,0.0551,0.1174,-0.2702,0.0000,0.0000,-8.5000,0.0000,0.0000,0.0000
9701.8811,2,1,0.107027,-0.657564,-0.074641,2.933027,-1.095018,0.037567,2.0760,10.1242,8.7587,-0.0673,0.1375,-0.1832,0.0000,0.0000,-7.5000,0.0000,0.0000,0.0000
9701.9411,2,1,0.107024,-0.657555,-0.074653,2.933055,-1.094996,0.037538,2.4553,9.5918,8.3244,-0.1000,0.1417,-0.3759,0.0000,0.0000,-6.5000,0.0000,0.0000,0.0000
9702.0010,2,1,0.107033,-0.657553,-0.074646,2.933054,-1.094998,0.037554,2.1105,10.4453,8.8524,-0.1095,0.0890,-0.2404,0.0000,0.0000,-6.0000,0.0000,0.0000,0.0000
9702.0510,2,1,0.107024,-0.657560,-0.074639,2.933035,-1.095004,0.037549,2.0746,9.2254,8.1636,-0.0565,0.1769,-0.2410,0.0000,0.0000,-5.0000,0.0000,0.0000,0.0000
9702.1010,2,1,0.107024,-0.657564,-0.074632,2.933033,-1.095003,0.037567,2.1230,9.0801,7.9816,-0.0582,0.2231,-0.2266,0.0000,0.0000,-4.0000,0.0000,0.0000,0.0000
9702.1511,2,1,0.107023,-0.657559,-0.074651,2.933039,-1.095024,0.037536,2.5578,8.2845,6.5397,-0.1804,0.1477,-0.2722,0.0000,0.0000,-3.0000,0.0000,0.0000,0.0000
9702.2111,2,1,0.107029,-0.657561,-0.074641,2.933045,-1.095009,0.037557,2.0585,9.3574,6.7304,-0.4242,0.0000,-0.2138,0.0000,0.0000,-3.0000,0.0000,0.0000,0.0000
9702.2711,2,1,0.107025,-0.657559,-0.074641,2.933047,-1.095020,0.037555,2.2606,7.5044,5.5537,-0.2357,-0.0365,-0.2104,0.0000,0.0000,-3.0000,0.0000,0.0000,0.0000
9702.3311,2,1,0.107019,-0.657563,-0.074641,2.933031,-1.095014,0.037540,2.2760,7.4059,5.1677,-0.3419,-0.1876,-0.2099,0.0000,0.0000,-3.0000,0.0000,0.0000,0.0000
9702.3910,2,1,0.107031,-0.657567,-0.074633,2.933032,-1.094996,0.037564,2.6059,7.5423,6.0580,-0.2812,0.0377,-0.3175,0.0000,0.0000,-3.0000,0.0000,0.0000,0.0000
9702.4411,2,1,0.107026,-0.657562,-0.074640,2.933038,-1.095007,0.037541,2.3832,7.2513,4.2359,-0.5833,-0.0912,-0.2018,0.0000,0.0000,-3.0000,0.0000,0.0000,0.0000
9702.4911,2,1,0.107021,-0.657554,-0.074645,2.933056,-1.095014,0.037519,2.3529,7.6834,5.3485,-0.3654,-0.0470,-0.2281,0.0000,0.0000,-2.5000,0.0000,0.0000,0.0000
9702.5411,2,1,0.107025,-0.657558,-0.074641,2.933052,-1.095012,0.037546,2.4399,7.1678,5.3272,-0.3414,-0.0327,-0.1681,0.0000,0.0000,-2.5000,0.0000,0.0000,0.0000
9702.6010,2,1,0.107031,-0.657556,-0.074642,2.933060,-1.095008,0.037528,2.7380,6.6438,4.4546,-0.3743,0.0468,-0.2151,0.0000,0.0000,-2.5000,0.0000,0.0000,0.0000
9702.6609,2,1,0.107026,-0.657556,-0.074643,2.933062,-1.095011,0.037543,2.6987,6.2952,3.8746,-0.4775,-0.1218,-0.2759,0.0000,0.0000,-2.5000,0.0000,0.0000,0.0000
9702.7208,2,1,0.107028,-0.657560,-0.074646,2.933056,-1.094990,0.037529,2.7814,6.6757,4.7540,-0.4265,0.0358,-0.2160,0.0000,0.0000,-2.0000,0.0000,0.0000,0.0000
9702.7808,2,1,0.107034,-0.657560,-0.074638,2.933049,-1.094988,0.037557,2.8941,5.8509,3.6100,-0.5484,-0.0301,-0.2639,0.0000,0.0000,-2.0000,0.0000,0.0000,0.0000
9702.8309,2,1,0.107031,-0.657560,-0.074638,2.933042,-1.094997,0.037541,2.6739,6.6529,3.6404,-0.6546,-0.0911,-0.2050,0.0000,0.0000,-1.5000,0.0000,0.0000,0.0000
9702.8811,2,1,0.107031,-0.657559,-0.074641,2.933048,-1.094982,0.037524,2.4000,6.4111,3.4788,-0.5674,-0.2154,-0.1543,0.0000,0.0000,-1.5000,0.0000,0.0000,0.0000
9702.9311,2,1,0.107040,-0.657558,-0.074642,2.933053,-1.094983,0.037539,2.8989,6.2712,3.3055,-0.6492,-0.0790,-0.2500,0.0000,0.0000,-1.5000,0.0000,0.0000,0.0000
9702.9910,2,1,0.107039,-0.657560,-0.074638,2.933051,-1.094992,0.037551,2.5359,5.4413,2.7626,-0.5440,-0.2171,-0.1707,0.0000,0.0000,-1.5000,0.0000,0.0000,0.0000
9703.0411,2,1,0.107032,-0.657554,-0.074645,2.933064,-1.094999,0.037526,2.8309,5.8270,2.7198,-0.6660,-0.1755,-0.1887,0.0000,0.0000,-1.5000,0.0000,0.0000,0.0000
9703.1010,2,1,0.107031,-0.657557,-0.074641,2.933058,-1.094983,0.037523,2.9113,5.7254,3.0059,-0.5876,-0.2536,-0.2306,0.0000,0.0000,-1.5000,0.0000,0.0000,0.0000
9703.1510,2,1,0.107030,-0.657562,-0.074637,2.933046,-1.094987,0.037541,3.0347,4.9958,1.7451,-0.6687,-0.0480,-0.2958,0.0000,0.0000,-1.5000,0.0000,0.0000,0.0000
9703.2111,2,1,0.107015,-0.657556,-0.074643,2.933042,-1.095031,0.037525,2.8238,5.3545,3.3154,-0.4343,-0.2746,-0.2573,0.0000,0.0000,-1.5000,0.0000,0.0000,0.0000
9703.2611,2,1,0.107030,-0.657558,-0.074648,2.933060,-1.094989,0.037536,3.0495,5.3454,2.4237,-0.6735,-0.1106,-0.2498,0.0000,0.0000,-1.0000,0.0000,0.0000,0.0000
9703.3210,2,1,0.107032,-0.657558,-0.074647,2.933059,-1.095005,0.037523,2.8514,5.8440,1.9454,-0.8069,-0.2397,-0.2350,0.0000,0.0000,-1.0000,0.0000,0.0000,0.0000
9703.3710,2,1,0.107033,-0.657558,-0.074638,2.933048,-1.095015,0.037530,3.1687,4.6245,1.7437,-0.6415,-0.1285,-0.1891,0.0000,0.0000,-0.5000,0.0000,0.0000,0.0000
9703.4211,2,1,0.107024,-0.657558,-0.074640,2.933041,-1.095020,0.037533,3.1212,4.1457,1.1573,-0.6328,-0.3001,-0.2307,0.0000,0.0000,-0.5000,0.0000,0.0000,0.0000
9703.4810,2,1,0.107031,-0.657557,-0.074636,2.933041,-1.094994,0.037542,2.7838,4.5420,1.3465,-0.7211,-0.1438,-0.1754,0.0000,0.0000,-0.5000,0.0000,0.0000,0.0000
9703.5311,2,1,0.107022,-0.657558,-0.074638,2.933044,-1.095010,0.037530,3.0950,5.3667,2.1811,-0.7570,-0.1964,-0.2199,0.0000,0.0000,-0.5000,0.0000,0.0000,0.0000
9703.5911,2,1,0.107024,-0.657559,-0.074636,2.933034,-1.095014,0.037533,2.8943,4.4104,0.4732,-0.8479,-0.3423,-0.2339,0.0000,0.0000,-0.5000,0.0000,0.0000,0.0000
9703.6411,2,1,0.107028,-0.657561,-0.074634,2.933035,-1.095034,0.037544,3.0021,4.4900,1.5275,-0.7504,-0.1154,-0.2512,0.0000,0.0000,-0.5000,0.0000,0.0000,0.0000
9703.7011,2,1,0.107026,-0.657561,-0.074631,2.933041,-1.095017,0.037540,2.9423,3.9936,0.5736,-0.8496,-0.1804,-0.2519,0.0000,0.0000,-0.5000,0.0000,0.0000,0.0000
9703.7511,2,1,0.107025,-0.657566,-0.074626,2.933025,-1.094994,0.037561,2.6305,5.2983,2.6732,-0.6758,-0.2403,-0.2176,0.0000,0.0000,-0.5000,0.0000,0.0000,0.0000
9703.8111,2,1,0.107030,-0.657561,-0.074633,2.933041,-1.094996,0.037548,2.5456,4.1124,0.2528,-0.7949,-0.3610,-0.1279,0.0000,0.0000,-0.0000,0.0000,0.0000,0.0000
9703.8611,2,1,0.107020,-0.657559,-0.074648,2.933056,-1.095028,0.037523,2.8428,5.0259,1.2437,-0.8485,-0.2894,-0.2349,0.0000,0.0000,-0.0000,0.0000,0.0000,0.0000
9703.9210,2,1,0.107028,-0.657562,-0.074636,2.933050,-1.095007,0.037523,2.6836,4.6047,0.5153,-0.8773,-0.2111,-0.1472,0.0000,0.0000,-0.0000,0.0000,0.0000,0.0000
9703.9810,2,1,0.107022,-0.657561,-0.074640,2.933041,-1.095033,0.037530,2.8910,4.8914,1.1617,-0.8328,-0.2041,-0.2212,0.0000,0.0000,-0.0000,0.0000,0.0000,0.0000
9704.0411,2,1,0.107019,-0.657560,-0.074636,2.933038,-1.095043,0.037550,2.7963,4.3252,0.6961,-0.8681,-0.2366,-0.1914,0.0000,0.0000,-0.0000,0.0000,0.0000,0.0000
9704.1010,2,1,0.107016,-0.657561,-0.074638,2.933039,-1.095027,0.037524,2.9100,4.6722,0.6022,-0.9898,-0.2186,-0.1790,0.0000,0.0000,-0.0000,0.0000,0.0000,0.0000
9704.1510,2,1,0.107015,-0.657559,-0.074644,2.933050,-1.095040,0.037519,3.3022,3.9463,0.4627,-0.7820,-0.2098,-0.2351,0.0000,0.0000,-0.0000,0.0000,0.0000,0.0000
9704.2111,2,1,0.107020,-0.657564,-0.074635,2.933042,-1.095035,0.037553,2.7625,4.3738,0.8184,-0.8866,-0.2461,-0.2364,0.0000,0.0000,-0.0000,0.0000,0.0000,0.0000
9704.2611,2,1,0.107023,-0.657558,-0.074639,2.933053,-1.095020,0.037539,3.0982,3.4311,0.3200,-0.7471,-0.2145,-0.2942,0.0000,0.0000,-0.0000,0.0000,0.0000,0.0000
9704.3208,2,1,0.107027,-0.657560,-0.074640,2.933054,-1.095016,0.037544,2.5506,4.8174,1.1224,-0.8303,-0.2470,-0.1756,0.0000,0.0000,-0.0000,0.0000,0.0000,0.0000
9704.3711,2,1,0.107026,-0.657560,-0.074635,2.933047,-1.095009,0.037539,3.1278,4.4222,-0.0616,-0.9182,-0.3714,-0.2646,0.0000,0.0000,-0.0000,0.0000,0.0000,0.0000
9704.4211,2,1,0.107029,-0.657558,-0.074638,2.933049,-1.094989,0.037523,2.5992,4.5351,0.5585,-0.8839,-0.1935,-0.1775,0.0000,0.0000,-0.0000,0.0000,0.0000,0.0000
9704.4810,2,1,0.107020,-0.657561,-0.074635,2.933039,-1.095011,0.037527,3.5286,4.7688,0.9945,-0.8311,-0.1303,-0.1926,0.0000,0.0000,-0.0000,0.0000,0.0000,0.0000
9704.5310,2,1,0.107027,-0.657557,-0.074641,2.933053,-1.095010,0.037537,3.0577,4.2843,0.1956,-0.9349,-0.2650,-0.2968,0.0000,0.0000,-0.0000,0.0000,0.0000,0.0000
9704.5811,2,1,0.107022,-0.657560,-0.074636,2.933047,-1.095010,0.037535,3.1620,4.0958,-0.0530,-0.9915,-0.3742,-0.2211,0.0000,0.0000,-0.0000,0.0000,0.0000,0.0000
9704.6410,2,1,0.107023,-0.657559,-0.074642,2.933049,-1.095015,0.037532,3.3466,4.2577,0.0941,-0.8666,-0.2690,-0.2356,0.0000,0.0000,-0.0000,0.0000,0.0000,0.0000
9704.6911,2,1,0.107023,-0.657565,-0.074636,2.933041,-1.095013,0.037534,3.0357,4.1394,0.1137,-0.9193,-0.3148,-0.2357,0.0000,0.0000,-0.0000,0.0000,0.0000,0.0000
9704.7511,2,1,0.107013,-0.657558,-0.074643,2.933046,-1.095034,0.037514,3.0598,4.2897,0.1830,-0.8973,-0.3126,-0.2055,0.0000,0.0000,-0.0000,0.0000,0.0000,0.0000
9704.8110,2,1,0.107023,-0.657560,-0.074637,2.933052,-1.095010,0.037538,2.9844,4.3052,0.1174,-0.8658,-0.3734,-0.1888,0.0000,0.0000,-0.0000,0.0000,0.0000,0.0000
9704.8610,2,1,0.107027,-0.657550,-0.074651,2.933075,-1.095022,0.037506,3.0208,3.4993,-0.2754,-0.8536,-0.2584,-0.2505,0.0000,0.0000,-0.0000,0.0000,0.0000,0.0000
9704.9111,2,1,0.107031,-0.657554,-0.074650,2.933078,-1.094998,0.037519,3.2451,4.0112,0.2789,-0.8520,-0.2548,-0.2356,0.0000,0.0000,-0.0000,0.0000,0.0000,0.0000
9704.9711,2,1,0.107020,-0.657560,-0.074640,2.933053,-1.095031,0.037546,2.8673,4.6127,0.6997,-0.9371,-0.2879,-0.2067,0.0000,0.0000,-0.0000,0.0000,0.0000,0.0000
9705.0311,2,1,0.107022,-0.657560,-0.074640,2.933041,-1.095038,0.037525,3.1008,4.1717,0.1409,-0.9777,-0.2953,-0.2820,0.0000,0.0000,-0.0000,0.0000,0.0000,0.0000
9705.0910,2,1,0.107018,-0.657558,-0.074647,2.933050,-1.095051,0.037529,3.0037,4.0022,-0.0385,-0.9012,-0.4940,-0.2621,0.0000,0.0000,-0.0000,0.0000,0.0000,0.0000
9705.1410,2,1,0.107016,-0.657558,-0.074645,2.933064,-1.095040,0.037511,2.8004,4.6838,0.4330,-0.9130,-0.4293,-0.2634,0.0000,0.0000,-0.0000,0.0000,0.0000,0.0000
9705.1911,2,1,0.107026,-0.657564,-0.074632,2.933047,-1.095006,0.037549,3.3383,3.7384,-0.0754,-0.9060,-0.2430,-0.2368,0.0000,0.0000,-0.0000,0.0000,0.0000,0.0000
9705.2510,2,1,0.107022,-0.657561,-0.074633,2.933041,-1.094996,0.037535,3.1655,3.7819,-0.1677,-0.8774,-0.2678,-0.2209,0.0000,0.0000,-0.0000,0.0000,0.0000,0.0000
9705.3011,2,1,0.107017,-0.657566,-0.074639,2.933045,-1.095013,0.037526,3.2229,3.6841,0.2110,-0.8117,-0.2276,-0.3101,0.0000,0.0000,-0.0000,0.0000,0.0000,0.0000
9705.3608,2,1,0.107020,-0.657560,-0.074641,2.933049,-1.095031,0.037528,2.9965,3.2179,-0.0057,-0.7630,-0.2870,-0.1735,0.0000,0.0000,-0.0000,0.0000,0.0000,0.0000
9705.4208,2,1,0.107025,-0.657559,-0.074640,2.933053,-1.095009,0.037518,3.1567,3.6865,0.7727,-0.7730,-0.2814,-0.1738,0.0000,0.0000,-0.0000,0.0000,0.0000,0.0000
9705.4710,2,1,0.107021,-0.657561,-0.074635,2.933039,-1.095026,0.037514,3.0730,2.6060,-0.3523,-0.7400,-0.2802,-0.1583,0.0000,0.0000,-0.0000,0.0000,0.0000,0.0000
9705.5210,2,1,0.107034,-0.657561,-0.074640,2.933049,-1.094997,0.037515,2.9237,3.3969,-0.1157,-0.9160,-0.3734,-0.1449,0.0000,0.0000,-0.0000,0.0000,0.0000,0.0000
9705.5810,2,1,0.107025,-0.657560,-0.074635,2.933050,-1.095017,0.037540,3.0896,3.9630,0.2249,-0.8705,-0.2973,-0.1903,0.0000,0.0000,-0.0000,0.0000,0.0000,0.0000
9705.6311,2,1,0.107016,-0.657560,-0.074639,2.933046,-1.095043,0.037530,3.1360,3.7877,0.0578,-0.8600,-0.2195,-0.3261,0.0000,0.0000,-0.0000,0.0000,0.0000,0.0000
9705.6811,2,1,0.107023,-0.657557,-0.074646,2.933055,-1.095034,0.037524,3.0832,3.8795,-0.2470,-0.9524,-0.2832,-0.1771,0.0000,0.0000,-0.0000,0.0000,0.0000,0.0000
9705.7411,2,1,0.107023,-0.657563,-0.074640,2.933045,-1.095036,0.037548,3.0851,4.2994,-0.0766,-0.9641,-0.2850,-0.1923,0.0000,0.0000,-0.0000,0.0000,0.0000,0.0000
9705.8011,2,1,0.107034,-0.657560,-0.074642,2.933059,-1.094998,0.037538,2.7583,3.9583,-0.3407,-0.9860,-0.3493,-0.2513,0.0000,0.0000,-0.0000,0.0000,0.0000,0.0000
9705.8511,2,1,0.107038,-0.657559,-0.074637,2.933049,-1.095008,0.037546,2.9328,3.7517,0.2807,-0.7895,-0.2341,-0.2199,0.0000,0.0000,-0.0000,0.0000,0.0000,0.0000
9705.9111,2,1,0.107032,-0.657559,-0.074638,2.933053,-1.095020,0.037540,3.2211,3.4262,-0.5581,-0.9109,-0.2584,-0.2815,0.0000,0.0000,-0.0000,0.0000,0.0000,0.0000
9705.9711,2,1,0.107031,-0.657568,-0.074631,2.933031,-1.095010,0.037560,2.9117,3.4482,0.0936,-0.7978,-0.2685,-0.2044,0.0000,0.0000,-0.0000,0.0000,0.0000,0.0000
9706.0311,2,1,0.107032,-0.657562,-0.074638,2.933053,-1.094994,0.037547,3.0354,3.7110,0.3853,-0.8332,-0.2227,-0.2209,0.0000,0.0000,-0.0000,0.0000,0.0000,0.0000
9706.0910,2,1,0.107024,-0.657559,-0.074642,2.933042,-1.095036,0.037549,3.1885,4.2226,0.0908,-0.8773,-0.3243,-0.1899,0.0000,0.0000,0.0000,0.0000,0.0000,0.0000
9706.1410,2,1,0.107019,-0.657558,-0.074646,2.933052,-1.095029,0.037515,3.2426,4.0190,0.0993,-0.9211,-0.2491,-0.2968,0.0000,0.0000,0.0000,0.0000,0.0000,0.0000
9706.1911,2,1,0.107029,-0.657564,-0.074632,2.933033,-1.095008,0.037533,2.9783,3.4733,0.0915,-0.7825,-0.2225,-0.2199,0.0000,0.0000,0.0000,0.0000,0.0000,0.0000
9706.2511,2,1,0.107030,-0.657564,-0.074629,2.933037,-1.095008,0.037556,3.0604,3.2875,-0.6614,-0.9787,-0.2589,-0.2230,0.0000,0.0000,0.0000,0.0000,0.0000,0.0000
9706.3011,2,1,0.107028,-0.657561,-0.074636,2.933051,-1.095000,0.037538,3.1145,3.7718,0.9536,-0.6796,-0.2666,-0.2172,0.0000,0.0000,0.0000,0.0000,0.0000,0.0000
9706.3611,2,1,0.107019,-0.657561,-0.074640,2.933047,-1.095012,0.037523,2.7173,3.5013,-0.2668,-0.9041,-0.2644,-0.2065,0.0000,0.0000,0.0000,0.0000,0.0000,0.0000
9706.4211,2,1,0.107019,-0.657557,-0.074645,2.933059,-1.095022,0.037515,3.4654,4.0589,-0.0485,-0.8337,-0.5218,-0.2304,0.0000,0.0000,0.0000,0.0000,0.0000,0.0000
9706.4811,2,1,0.107031,-0.657560,-0.074640,2.933051,-1.095007,0.037541,3.0622,4.1350,0.1246,-0.9430,-0.2879,-0.2218,0.0000,0.0000,0.0000,0.0000,0.0000,0.0000
9706.5410,2,1,0.107028,-0.657566,-0.074626,2.933022,-1.095023,0.037562,3.0786,3.4562,-0.2059,-0.8691,-0.2571,-0.1910,0.0000,0.0000,0.0000,0.0000,0.0000,0.0000
9706.5910,2,1,0.107025,-0.657560,-0.074632,2.933043,-1.095014,0.037546,3.1471,3.5938,0.1517,-0.8163,-0.2721,-0.2197,0.0000,0.0000,0.0000,0.0000,0.0000,0.0000
9706.6511,2,1,0.107013,-0.657556,-0.074639,2.933053,-1.095031,0.037518,2.9836,4.0189,0.4225,-0.8415,-0.3609,-0.1886,0.0000,0.0000,0.0000,0.0000,0.0000,0.0000
9706.7111,2,1,0.107020,-0.657562,-0.074632,2.933042,-1.095036,0.037555,3.3849,3.7327,-0.3885,-0.8965,-0.2982,-0.2357,0.0000,0.0000,0.0000,0.0000,0.0000,0.0000
9706.7710,2,1,0.107021,-0.657557,-0.074645,2.933054,-1.095038,0.037519,3.2158,2.9781,0.2178,-0.6524,-0.4226,-0.1989,0.0000,0.0000,0.0000,0.0000,0.0000,0.0000
9706.8211,2,1,0.107023,-0.657559,-0.074637,2.933032,-1.095028,0.037525,3.0265,3.7439,0.1578,-0.8183,-0.2817,-0.2494,0.0000,0.0000,0.0000,0.0000,0.0000,0.0000
9706.8811,2,1,0.107035,-0.657559,-0.074636,2.933047,-1.094982,0.037530,2.9963,3.6955,0.0518,-0.8144,-0.1880,-0.1314,0.0000,0.0000,0.0000,0.0000,0.0000,0.0000
9706.9411,2,1,0.107031,-0.657565,-0.074630,2.933025,-1.095009,0.037547,3.0026,4.0943,0.3854,-0.9667,-0.1146,-0.2403,0.0000,0.0000,0.0000,0.0000,0.0000,0.0000
9707.0011,2,1,0.107029,-0.657562,-0.074633,2.933052,-1.095006,0.037554,3.0684,4.1336,0.0484,-0.9008,-0.2226,-0.1325,0.0000,0.0000,0.0000,0.0000,0.0000,0.0000
9707.0511,2,1,0.107031,-0.657563,-0.074639,2.933041,-1.095007,0.037529,3.0261,3.7756,-0.1514,-0.9401,-0.2913,-0.2216,0.0000,0.0000,0.0000,0.0000,0.0000,0.0000
9707.1110,2,1,0.107034,-0.657559,-0.074639,2.933057,-1.094997,0.037528,2.7002,4.1775,0.2645,-0.9400,-0.2976,-0.2365,0.0000,0.0000,0.5000,0.0000,0.0000,0.0000
9707.1708,2,1,0.107023,-0.657558,-0.074643,2.933060,-1.095026,0.037514,3.1924,3.0344,-1.2476,-0.9355,-0.3505,-0.2205,0.0000,0.0000,0.5000,0.0000,0.0000,0.0000
9707.2211,2,1,0.107024,-0.657561,-0.074643,2.933048,-1.095011,0.037519,3.0005,4.4962,0.8337,-0.8443,-0.2917,-0.2198,0.0000,0.0000,0.5000,0.0000,0.0000,0.0000
9707.2811,2,1,0.107017,-0.657562,-0.074643,2.933037,-1.095032,0.037534,3.2453,3.5522,-0.5394,-0.8791,-0.3811,-0.2488,0.0000,0.0000,1.0000,0.0000,0.0000,0.0000
9707.3410,2,1,0.107020,-0.657555,-0.074650,2.933069,-1.095018,0.037519,2.8959,4.4183,-0.0683,-1.0407,-0.3795,-0.2668,0.0000,0.0000,1.0000,0.0000,0.0000,0.0000
9707.3911,2,1,0.107022,-0.657563,-0.074640,2.933048,-1.095023,0.037538,3.1697,3.9276,-0.7550,-1.0218,-0.2965,-0.2081,0.0000,0.0000,1.0000,0.0000,0.0000,0.0000
9707.4510,2,1,0.107032,-0.657563,-0.074639,2.933062,-1.094999,0.037538,3.0935,3.6750,-0.7182,-1.0217,-0.3004,-0.1931,0.0000,0.0000,1.5000,0.0000,0.0000,0.0000
9707.5010,2,1,0.107026,-0.657563,-0.074637,2.933050,-1.094998,0.037533,3.0643,4.2512,-0.5001,-0.9924,-0.3366,-0.2667,0.0000,0.0000,1.5000,0.0000,0.0000,0.0000
9707.5511,2,1,0.107020,-0.657557,-0.074645,2.933046,-1.095042,0.037534,2.9262,3.5697,-0.9984,-1.0992,-0.2888,-0.1649,0.0000,0.0000,1.5000,0.0000,0.0000,0.0000
9707.6110,2,1,0.107027,-0.657562,-0.074636,2.933039,-1.095022,0.037536,2.8624,4.9479,0.1189,-1.0339,-0.2950,-0.2084,0.0000,0.0000,2.0000,0.0000,0.0000,0.0000
9707.6611,2,1,0.107018,-0.657563,-0.074635,2.933045,-1.095039,0.037543,2.9865,3.8372,-1.1561,-1.1075,-0.4677,-0.3262,0.0000,0.0000,2.0000,0.0000,0.0000,0.0000
9707.7111,2,1,0.107031,-0.657558,-0.074637,2.933066,-1.095009,0.037528,3.2312,3.8516,-0.8355,-1.0757,-0.2796,-0.2095,0.0000,0.0000,2.0000,0.0000,0.0000,0.0000
9707.7710,2,1,0.107026,-0.657556,-0.074638,2.933065,-1.094987,0.037514,3.2200,3.7393,-1.0882,-1.1073,-0.3649,-0.2832,0.0000,0.0000,2.5000,0.0000,0.0000,0.0000
9707.8210,2,1,0.107031,-0.657553,-0.074641,2.933070,-1.094988,0.037512,3.1945,2.8913,-1.6291,-1.0633,-0.3570,-0.2377,0.0000,0.0000,2.5000,0.0000,0.0000,0.0000
9707.8710,2,1,0.107014,-0.657554,-0.074647,2.933063,-1.095035,0.037496,3.1627,2.6884,-2.0233,-1.1452,-0.3791,-0.1640,0.0000,0.0000,2.5000,0.0000,0.0000,0.0000
9707.9211,2,1,0.107016,-0.657561,-0.074635,2.933041,-1.095031,0.037509,3.5065,3.0333,-1.8735,-1.1967,-0.3261,-0.2407,0.0000,0.0000,3.0000,0.0000,0.0000,0.0000
9707.9811,2,1,0.107026,-0.657561,-0.074633,2.933048,-1.095011,0.037518,3.1911,3.1053,-2.2805,-1.2335,-0.3443,-0.1963,0.0000,0.0000,3.0000,0.0000,0.0000,0.0000
9708.0408,2,1,0.107025,-0.657554,-0.074646,2.933075,-1.095001,0.037496,3.0756,2.9262,-1.9422,-1.1657,-0.3874,-0.1942,0.0000,0.0000,3.0000,0.0000,0.0000,0.0000
9708.1008,2,1,0.107022,-0.657560,-0.074638,2.933073,-1.095010,0.037509,3.2012,2.7020,-1.9354,-1.0938,-0.3756,-0.2529,0.0000,0.0000,3.5000,0.0000,0.0000,0.0000
9708.1511,2,1,0.107027,-0.657557,-0.074640,2.933072,-1.095009,0.037520,3.0933,2.7994,-1.9997,-1.2073,-0.4093,-0.2544,0.0000,0.0000,3.5000,0.0000,0.0000,0.0000
9708.2111,2,1,0.107023,-0.657553,-0.074641,2.933070,-1.095013,0.037491,3.3462,2.5776,-2.8794,-1.2521,-0.3857,-0.2108,0.0000,0.0000,3.5000,0.0000,0.0000,0.0000
9708.2711,2,1,0.107026,-0.657559,-0.074630,2.933063,-1.095001,0.037527,3.3524,2.7878,-2.1124,-1.1280,-0.3828,-0.2683,0.0000,0.0000,4.0000,0.0000,0.0000,0.0000
9708.3310,2,1,0.107030,-0.657562,-0.074626,2.933062,-1.094992,0.037536,3.5240,2.7510,-2.9287,-1.2396,-0.4493,-0.2842,0.0000,0.0000,4.0000,0.0000,0.0000,0.0000
9708.3811,2,1,0.107026,-0.657559,-0.074635,2.933066,-1.095015,0.037508,3.1140,2.2411,-2.8720,-1.1858,-0.4529,-0.2083,0.0000,0.0000,4.5000,0.0000,0.0000,0.0000
9708.4410,2,1,0.107023,-0.657548,-0.074649,2.933101,-1.095014,0.037479,3.4254,1.6640,-3.6422,-1.2217,-0.4699,-0.1340,0.0000,0.0000,4.5000,0.0000,0.0000,0.0000
9708.4911,2,1,0.107018,-0.657556,-0.074636,2.933066,-1.095025,0.037483,3.4555,2.9575,-3.1313,-1.4119,-0.3668,-0.1991,0.0000,0.0000,4.5000,0.0000,0.0000,0.0000
9708.5510,2,1,0.107026,-0.657556,-0.074635,2.933078,-1.095012,0.037499,3.5149,2.7029,-3.4454,-1.4401,-0.4470,-0.2730,0.0000,0.0000,5.0000,0.0000,0.0000,0.0000
9708.6010,2,1,0.107027,-0.657551,-0.074638,2.933090,-1.095017,0.037485,3.2387,1.9092,-3.5316,-1.2633,-0.4832,-0.1926,0.0000,0.0000,5.0000,0.0000,0.0000,0.0000
9708.6511,2,1,0.107026,-0.657561,-0.074631,2.933067,-1.094998,0.037516,3.4820,1.7353,-4.1096,-1.4257,-0.5485,-0.2410,0.0000,0.0000,5.0000,0.0000,0.0000,0.0000
9708.7110,2,1,0.107019,-0.657553,-0.074641,2.933090,-1.095011,0.037502,3.7290,1.3739,-4.0338,-1.3421,-0.4285,-0.2716,0.0000,0.0000,5.5000,0.0000,0.0000,0.0000
9708.7611,2,1,0.107022,-0.657552,-0.074640,2.933101,-1.095003,0.037484,3.4101,1.3088,-4.0606,-1.3161,-0.4284,-0.2411,0.0000,0.0000,5.5000,0.0000,0.0000,0.0000
9708.8112,2,1,0.107022,-0.657555,-0.074635,2.933084,-1.095018,0.037497,3.5588,2.0308,-4.2459,-1.5281,-0.5006,-0.1990,0.0000,0.0000,6.0000,0.0000,0.0000,0.0000
9708.8710,2,1,0.107025,-0.657553,-0.074639,2.933084,-1.095029,0.037487,3.5878,1.3798,-4.6619,-1.4402,-0.5117,-0.2104,0.0000,0.0000,6.0000,0.0000,0.0000,0.0000
9708.9311,2,1,0.107025,-0.657558,-0.074634,2.933065,-1.095038,0.037487,3.5099,1.0125,-4.9628,-1.4141,-0.4924,-0.1820,0.0000,0.0000,6.0000,0.0000,0.0000,0.0000
9708.9910,2,1,0.107023,-0.657558,-0.074631,2.933065,-1.095027,0.037500,3.5232,1.4979,-4.1153,-1.4094,-0.4392,-0.2426,0.0000,0.0000,6.0000,0.0000,0.0000,0.0000
9709.0511,2,1,0.107017,-0.657550,-0.074637,2.933080,-1.095024,0.037479,3.5739,0.5851,-5.2159,-1.3404,-0.5577,-0.2093,0.0000,0.0000,6.0000,0.0000,0.0000,0.0000
9709.1111,2,1,0.107016,-0.657551,-0.074640,2.933084,-1.095037,0.037471,3.2783,0.3636,-5.6277,-1.4543,-0.7237,-0.2084,0.0000,0.0000,6.0000,0.0000,0.0000,0.0000
9709.1711,2,1,0.107013,-0.657551,-0.074634,2.933084,-1.095024,0.037484,3.7212,0.7011,-4.8383,-1.4445,-0.4772,-0.2875,0.0000,0.0000,6.0000,0.0000,0.0000,0.0000
9709.2310,2,1,0.107016,-0.657560,-0.074624,2.933058,-1.095029,0.037498,3.6645,0.1939,-5.9204,-1.5320,-0.6634,-0.1960,0.0000,0.0000,6.0000,0.0000,0.0000,0.0000
9709.2811,2,1,0.107019,-0.657554,-0.074630,2.933074,-1.095031,0.037479,3.5234,1.2192,-4.9758,-1.5298,-0.5552,-0.2129,0.0000,0.0000,6.0000,0.0000,0.0000,0.0000
9709.3411,2,1,0.107015,-0.657556,-0.074634,2.933073,-1.095050,0.037481,3.8271,0.3177,-5.8688,-1.4361,-0.5436,-0.3161,0.0000,0.0000,6.0000,0.0000,0.0000,0.0000
9709.4011,2,1,0.107025,-0.657559,-0.074630,2.933066,-1.095025,0.037497,3.4393,0.5621,-5.0629,-1.4275,-0.5890,-0.1805,0.0000,0.0000,6.5000,0.0000,0.0000,0.0000
9709.4610,2,1,0.107030,-0.657559,-0.074632,2.933075,-1.095019,0.037503,3.7055,0.0915,-6.3518,-1.5431,-0.5573,-0.2430,0.0000,0.0000,6.5000,0.0000,0.0000,0.0000
9709.5111,2,1,0.107028,-0.657557,-0.074637,2.933087,-1.095028,0.037495,3.6896,0.9037,-5.2132,-1.4730,-0.5770,-0.2264,0.0000,0.0000,7.0000,0.0000,0.0000,0.0000
9709.5711,2,1,0.107019,-0.657552,-0.074639,2.933081,-1.095046,0.037468,3.6391,0.6119,-5.6351,-1.5364,-0.5890,-0.3170,0.0000,0.0000,7.0000,0.0000,0.0000,0.0000
9709.6311,2,1,0.107014,-0.657550,-0.074647,2.933100,-1.095044,0.037461,3.5866,0.2477,-6.1455,-1.5358,-0.5773,-0.2126,0.0000,0.0000,7.0000,0.0000,0.0000,0.0000
9709.6910,2,1,0.107014,-0.657551,-0.074645,2.933095,-1.095047,0.037468,3.7570,0.5421,-6.1289,-1.6548,-0.5218,-0.2010,0.0000,0.0000,7.0000,0.0000,0.0000,0.0000
9709.7411,2,1,0.107019,-0.657550,-0.074642,2.933099,-1.095028,0.037474,3.7414,0.5759,-5.8750,-1.5415,-0.5822,-0.2874,0.0000,0.0000,7.5000,0.0000,0.0000,0.0000
9709.8011,2,1,0.107018,-0.657557,-0.074638,2.933091,-1.095025,0.037475,3.6757,-0.4148,-7.4203,-1.7102,-0.6103,-0.2003,0.0000,0.0000,7.5000,0.0000,0.0000,0.0000
9709.8610,2,1,0.107026,-0.657551,-0.074634,2.933096,-1.095018,0.037470,3.5642,0.0780,-6.4507,-1.5186,-0.6634,-0.2107,0.0000,0.0000,8.0000,0.0000,0.0000,0.0000
9709.9110,2,1,0.107028,-0.657550,-0.074637,2.933095,-1.095009,0.037471,3.7252,-0.6913,-7.6289,-1.6809,-0.6687,-0.0791,0.0000,0.0000,8.0000,0.0000,0.0000,0.0000
9709.9611,2,1,0.107022,-0.657554,-0.074635,2.933077,-1.095028,0.037472,3.8490,-0.0594,-6.5819,-1.5590,-0.5705,-0.2281,0.0000,0.0000,8.5000,0.0000,0.0000,0.0000
9710.0210,2,1,0.107020,-0.657551,-0.074640,2.933096,-1.095025,0.037473,3.9893,-0.0255,-7.4765,-1.7131,-0.6379,-0.1999,0.0000,0.0000,8.5000,0.0000,0.0000,0.0000
9710.0711,2,1,0.107021,-0.657553,-0.074634,2.933093,-1.095036,0.037487,3.7623,0.1962,-7.2243,-1.7823,-0.6656,-0.2605,0.0000,0.0000,8.5000,0.0000,0.0000,0.0000
9710.1310,2,1,0.107020,-0.657552,-0.074637,2.933102,-1.095015,0.037456,3.9632,-0.2729,-7.4026,-1.8014,-0.6008,-0.1872,0.0000,0.0000,9.0000,0.0000,0.0000,0.0000
9710.1910,2,1,0.107030,-0.657552,-0.074638,2.933101,-1.095012,0.037476,3.7291,-0.7772,-7.6762,-1.6547,-0.6994,-0.2276,0.0000,0.0000,9.0000,0.0000,0.0000,0.0000
9710.2411,2,1,0.107029,-0.657552,-0.074635,2.933109,-1.094995,0.037480,3.6620,-0.4632,-7.5677,-1.7494,-0.6748,-0.1551,0.0000,0.0000,9.0000,0.0000,0.0000,0.0000
9710.3011,2,1,0.107019,-0.657555,-0.074631,2.933086,-1.095030,0.037475,3.8366,-1.2652,-8.2989,-1.7962,-0.6465,-0.2461,0.0000,0.0000,9.5000,0.0000,0.0000,0.0000
9710.3611,2,1,0.107023,-0.657553,-0.074634,2.933092,-1.095041,0.037462,3.7254,-1.0046,-8.6345,-1.8555,-0.6703,-0.2319,0.0000,0.0000,9.5000,0.0000,0.0000,0.0000
9710.4210,2,1,0.107019,-0.657556,-0.074629,2.933083,-1.095047,0.037470,4.1197,-1.5695,-8.6793,-1.7972,-0.6740,-0.2755,0.0000,0.0000,9.5000,0.0000,0.0000,0.0000
9710.4711,2,1,0.107017,-0.657556,-0.074626,2.933074,-1.095060,0.037469,3.5927,-1.2105,-8.3489,-1.8629,-0.7420,-0.2157,0.0000,0.0000,9.5000,0.0000,0.0000,0.0000
9710.5310,2,1,0.107025,-0.657558,-0.074632,2.933077,-1.095020,0.037468,3.9657,-1.4810,-9.1426,-1.8125,-0.7418,-0.2148,0.0000,0.0000,9.5000,0.0000,0.0000,0.0000
9710.5910,2,1,0.107014,-0.657560,-0.074628,2.933059,-1.095052,0.037468,3.8378,-1.1508,-8.8262,-1.8418,-0.8621,-0.2281,0.0000,0.0000,9.5000,0.0000,0.0000,0.0000
9710.6411,2,1,0.107019,-0.657552,-0.074635,2.933096,-1.095015,0.037458,3.6449,-0.6587,-8.8299,-1.9488,-0.8244,-0.2159,0.0000,0.0000,9.5000,0.0000,0.0000,0.0000
9710.7008,2,1,0.107018,-0.657550,-0.074634,2.933094,-1.095038,0.037464,3.6801,-2.3357,-9.4438,-1.8454,-0.8382,-0.1838,0.0000,0.0000,9.5000,0.0000,0.0000,0.0000
9710.7608,2,1,0.107027,-0.657550,-0.074637,2.933106,-1.095039,0.037467,4.0439,-1.9521,-9.1353,-1.7808,-0.6614,-0.2157,0.0000,0.0000,9.5000,0.0000,0.0000,0.0000
9710.8110,2,1,0.107017,-0.657549,-0.074641,2.933103,-1.095061,0.037452,4.2941,-1.9320,-9.0531,-1.8280,-0.7105,-0.3203,0.0000,0.0000,9.5000,0.0000,0.0000,0.0000
9710.8611,2,1,0.107020,-0.657551,-0.074639,2.933105,-1.095066,0.037456,3.6691,-1.2492,-8.4999,-1.8306,-0.7706,-0.1996,0.0000,0.0000,9.5000,0.0000,0.0000,0.0000
9710.9111,2,1,0.107018,-0.657550,-0.074641,2.933118,-1.095036,0.037436,3.8113,-1.2870,-9.1536,-1.8427,-0.8568,-0.2581,0.0000,0.0000,9.5000,0.0000,0.0000,0.0000
9710.9710,2,1,0.107023,-0.657553,-0.074633,2.933103,-1.095041,0.037456,4.1222,-2.4640,-9.2767,-1.7722,-0.7651,-0.2435,0.0000,0.0000,9.5000,0.0000,0.0000,0.0000
9711.0210,2,1,0.107023,-0.657554,-0.074635,2.933095,-1.095036,0.037473,3.9686,-1.6144,-8.7062,-1.8104,-0.6627,-0.1714,0.0000,0.0000,9.5000,0.0000,0.0000,0.0000
9711.0811,2,1,0.107014,-0.657549,-0.074644,2.933113,-1.095050,0.037445,4.0725,-1.2718,-8.8819,-1.8406,-0.8062,-0.2142,0.0000,0.0000,9.5000,0.0000,0.0000,0.0000
9711.1311,2,1,0.107022,-0.657550,-0.074640,2.933109,-1.095030,0.037468,4.1742,-2.1572,-9.8995,-1.9298,-0.7218,-0.2174,0.0000,0.0000,9.5000,0.0000,0.0000,0.0000
9711.1911,2,1,0.107021,-0.657552,-0.074631,2.933097,-1.095042,0.037476,3.8380,-1.7522,-8.7557,-1.7675,-0.8465,-0.2569,0.0000,0.0000,9.5000,0.0000,0.0000,0.0000
9711.2411,2,1,0.107026,-0.657549,-0.074632,2.933100,-1.095034,0.037457,3.8970,-2.9517,-9.0540,-1.6796,-0.6842,-0.1984,0.0000,0.0000,9.5000,0.0000,0.0000,0.0000
9711.3010,2,1,0.107025,-0.657553,-0.074631,2.933105,-1.095014,0.037458,4.1684,-2.4418,-9.3260,-1.8068,-0.7072,-0.2453,0.0000,0.0000,9.5000,0.0000,0.0000,0.0000
9711.3611,2,1,0.107028,-0.657554,-0.074622,2.933099,-1.095001,0.037474,4.0968,-2.1430,-9.4862,-1.9067,-0.7548,-0.2612,0.0000,0.0000,9.5000,0.0000,0.0000,0.0000
9711.4211,2,1,0.107032,-0.657554,-0.074626,2.933095,-1.095019,0.037478,3.8416,-3.2084,-9.5683,-1.6751,-0.7807,-0.1966,0.0000,0.0000,9.5000,0.0000,0.0000,0.0000
9711.4811,2,1,0.107021,-0.657555,-0.074631,2.933103,-1.095018,0.037467,4.1554,-2.0627,-9.4746,-1.8395,-0.7511,-0.2152,0.0000,0.0000,9.5000,0.0000,0.0000,0.0000
9711.5411,2,1,0.107023,-0.657552,-0.074634,2.933105,-1.095031,0.037459,3.8139,-1.6972,-9.2696,-1.8986,-0.7658,-0.2160,0.0000,0.0000,9.5000,0.0000,0.0000,0.0000
9711.5911,2,1,0.107023,-0.657554,-0.074631,2.933092,-1.095038,0.037465,4.0076,-1.7405,-9.1057,-1.8374,-0.7230,-0.2456,0.0000,0.0000,9.5000,0.0000,0.0000,0.0000
9711.6411,2,1,0.107029,-0.657554,-0.074630,2.933101,-1.095022,0.037469,4.1041,-2.2045,-9.3387,-1.8028,-0.6887,-0.2904,0.0000,0.0000,9.5000,0.0000,0.0000,0.0000
9711.6911,2,1,0.107023,-0.657562,-0.074622,2.933079,-1.095021,0.037475,4.1041,-2.1972,-9.4654,-1.8199,-0.7096,-0.2604,0.0000,0.0000,9.5000,0.0000,0.0000,0.0000
9711.7511,2,1,0.107021,-0.657554,-0.074632,2.933086,-1.095035,0.037450,4.0381,-2.3842,-9.2639,-1.7648,-0.6750,-0.2899,0.0000,0.0000,9.5000,0.0000,0.0000,0.0000
9711.8011,2,1,0.107025,-0.657549,-0.074635,2.933107,-1.095030,0.037447,4.0649,-2.2785,-9.7714,-1.8826,-0.8532,-0.3188,0.0000,0.0000,9.5000,0.0000,0.0000,0.0000
9711.8611,2,1,0.107028,-0.657557,-0.074626,2.933092,-1.095031,0.037491,3.9238,-2.3953,-9.1404,-1.7911,-0.7922,-0.2135,0.0000,0.0000,9.5000,0.0000,0.0000,0.0000
9711.9111,2,1,0.107019,-0.657555,-0.074626,2.933085,-1.095042,0.037472,3.9731,-2.2900,-9.8583,-1.8313,-0.8304,-0.2882,0.0000,0.0000,9.5000,0.0000,0.0000,0.0000
9711.9710,2,1,0.107021,-0.657551,-0.074631,2.933093,-1.095022,0.037450,4.0358,-1.9432,-9.2188,-1.8294,-0.8217,-0.2734,0.0000,0.0000,9.5000,0.0000,0.0000,0.0000
9712.0211,2,1,0.107023,-0.657549,-0.074631,2.933116,-1.095018,0.037457,3.7587,-2.2320,-8.6299,-1.7552,-0.5860,-0.2465,0.0000,0.0000,9.5000,0.0000,0.0000,0.0000
9712.0809,2,1,0.107017,-0.657554,-0.074630,2.933097,-1.095039,0.037457,3.9806,-2.4539,-9.8951,-1.8837,-0.8221,-0.2446,0.0000,0.0000,9.5000,0.0000,0.0000,0.0000
9712.1310,2,1,0.107022,-0.657553,-0.074630,2.933097,-1.095035,0.037473,4.0979,-2.1442,-9.3863,-1.8148,-0.7525,-0.1997,0.0000,0.0000,9.5000,0.0000,0.0000,0.0000
9712.1811,2,1,0.107026,-0.657549,-0.074635,2.933105,-1.095026,0.037468,4.3212,-2.1940,-9.6645,-1.8978,-0.7725,-0.1860,0.0000,0.0000,9.5000,0.0000,0.0000,0.0000
9712.2410,2,1,0.107024,-0.657552,-0.074638,2.933102,-1.095023,0.037465,4.2375,-2.1680,-9.4428,-1.8259,-0.7274,-0.3200,0.0000,0.0000,9.5000,0.0000,0.0000,0.0000
9712.2911,2,1,0.107020,-0.657552,-0.074634,2.933102,-1.095033,0.037466,4.2558,-2.5290,-9.7457,-1.8386,-0.7427,-0.2003,0.0000,0.0000,9.5000,0.0000,0.0000,0.0000
9712.3510,2,1,0.107018,-0.657549,-0.074638,2.933105,-1.095053,0.037453,4.0103,-2.0821,-9.3725,-1.7691,-0.8567,-0.2418,0.0000,0.0000,9.5000,0.0000,0.0000,0.0000
9712.4011,2,1,0.107017,-0.657554,-0.074632,2.933090,-1.095045,0.037445,3.9221,-2.2256,-9.5608,-1.8423,-0.8502,-0.1685,0.0000,0.0000,9.5000,0.0000,0.0000,0.0000
9712.4610,2,1,0.107016,-0.657555,-0.074630,2.933089,-1.095063,0.037480,4.1155,-1.8022,-8.9813,-1.8482,-0.6676,-0.2169,0.0000,0.0000,9.5000,0.0000,0.0000,0.0000
9712.5111,2,1,0.107031,-0.657554,-0.074629,2.933099,-1.095022,0.037483,3.7447,-1.7085,-8.9931,-1.8583,-0.7130,-0.2312,0.0000,0.0000,9.5000,0.0000,0.0000,0.0000
9712.5611,2,1,0.107024,-0.657552,-0.074634,2.933098,-1.095019,0.037454,4.2329,-2.6877,-9.2410,-1.7402,-0.7011,-0.1992,0.0000,0.0000,9.5000,0.0000,0.0000,0.0000
9712.6111,2,1,0.107022,-0.657548,-0.074638,2.933108,-1.095027,0.037448,3.8398,-2.1356,-9.7398,-1.8739,-0.7411,-0.1860,0.0000,0.0000,9.5000,0.0000,0.0000,0.0000
9712.6710,2,1,0.107029,-0.657551,-0.074632,2.933108,-1.095037,0.037475,3.9071,-1.9832,-8.8212,-1.7640,-0.7181,-0.1845,0.0000,0.0000,9.5000,0.0000,0.0000,0.0000
9712.7311,2,1,0.107032,-0.657555,-0.074622,2.933091,-1.095025,0.037495,4.3486,-2.2116,-9.6262,-1.9229,-0.5429,-0.2953,0.0000,0.0000,9.5000,0.0000,0.0000,0.0000
9712.7811,2,1,0.107030,-0.657555,-0.074626,2.933098,-1.095010,0.037457,4.0691,-2.9987,-9.7670,-1.7589,-0.7581,-0.2134,0.0000,0.0000,9.5000,0.0000,0.0000,0.0000
9712.8411,2,1,0.107013,-0.657555,-0.074631,2.933087,-1.095065,0.037458,4.1768,-2.3556,-9.8037,-1.8380,-0.8090,-0.2290,0.0000,0.0000,9.5000,0.0000,0.0000,0.0000
9712.9011,2,1,0.107017,-0.657557,-0.074630,2.933089,-1.095043,0.037461,3.9804,-2.2775,-9.5021,-1.8862,-0.7342,-0.2013,0.0000,0.0000,9.5000,0.0000,0.0000,0.0000
9712.9511,2,1,0.107017,-0.657555,-0.074629,2.933102,-1.095026,0.037470,3.9857,-2.0337,-9.2390,-1.8097,-0.8064,-0.1688,0.0000,0.0000,9.5000,0.0000,0.0000,0.0000
9713.0011,2,1,0.107016,-0.657554,-0.074626,2.933094,-1.095040,0.037472,3.8958,-2.3658,-9.7756,-1.8474,-0.7994,-0.2294,0.0000,0.0000,9.5000,0.0000,0.0000,0.0000
9713.0610,2,1,0.107019,-0.657555,-0.074626,2.933101,-1.095022,0.037474,4.3370,-2.3616,-9.2562,-1.7417,-0.7728,-0.3026,0.0000,0.0000,9.5000,0.0000,0.0000,0.0000
9713.1208,2,1,0.107019,-0.657553,-0.074629,2.933100,-1.095031,0.037470,3.4711,-1.6247,-8.9654,-1.8644,-0.8232,-0.1845,0.0000,0.0000,9.5000,0.0000,0.0000,0.0000
9713.1711,2,1,0.107023,-0.657554,-0.074631,2.933107,-1.095017,0.037453,4.2503,-1.7811,-9.4047,-1.8979,-0.7804,-0.2457,0.0000,0.0000,9.5000,0.0000,0.0000,0.0000
9713.2211,2,1,0.107021,-0.657557,-0.074627,2.933101,-1.095022,0.037472,3.8412,-2.7870,-9.8614,-1.7298,-0.9567,-0.1794,0.0000,0.0000,9.5000,0.0000,0.0000,0.0000

# max |F| (N):,10.340,11.603,10.905
# max |T| (Nm):,2.000,1.088,0.474
